"scenario_id","block","scenario_group","n","n_rep","copula_family","tau_design","copula_param","tau_full","margin","x_type","cov_effect","censor_x_effect","censor_model","target_censor2","H_quantile","total_scenarios"
1,"A_independent","negative_control_independent_censoring",100,1000,"gaussian",-0.5,-0.707106781186547,-0.5,"exp","binary","moderate","none","exp",0.3,0.8,192
2,"A_independent","negative_control_independent_censoring",100,1000,"gaussian",-0.5,-0.707106781186547,-0.5,"exp","binary","moderate","none","exp",0.3,0.9,192
3,"A_independent","negative_control_independent_censoring",100,1000,"gaussian",-0.5,-0.707106781186547,-0.5,"exp","binary","moderate","none","exp",0.5,0.8,192
4,"A_independent","negative_control_independent_censoring",100,1000,"gaussian",-0.5,-0.707106781186547,-0.5,"exp","binary","moderate","none","exp",0.5,0.9,192
5,"A_independent","negative_control_independent_censoring",300,1000,"gaussian",-0.5,-0.707106781186547,-0.5,"exp","binary","moderate","none","exp",0.3,0.8,192
6,"A_independent","negative_control_independent_censoring",300,1000,"gaussian",-0.5,-0.707106781186547,-0.5,"exp","binary","moderate","none","exp",0.3,0.9,192
7,"A_independent","negative_control_independent_censoring",300,1000,"gaussian",-0.5,-0.707106781186547,-0.5,"exp","binary","moderate","none","exp",0.5,0.8,192
8,"A_independent","negative_control_independent_censoring",300,1000,"gaussian",-0.5,-0.707106781186547,-0.5,"exp","binary","moderate","none","exp",0.5,0.9,192
9,"A_independent","negative_control_independent_censoring",500,1000,"gaussian",-0.5,-0.707106781186547,-0.5,"exp","binary","moderate","none","exp",0.3,0.8,192
10,"A_independent","negative_control_independent_censoring",500,1000,"gaussian",-0.5,-0.707106781186547,-0.5,"exp","binary","moderate","none","exp",0.3,0.9,192
11,"A_independent","negative_control_independent_censoring",500,1000,"gaussian",-0.5,-0.707106781186547,-0.5,"exp","binary","moderate","none","exp",0.5,0.8,192
12,"A_independent","negative_control_independent_censoring",500,1000,"gaussian",-0.5,-0.707106781186547,-0.5,"exp","binary","moderate","none","exp",0.5,0.9,192
13,"A_independent","negative_control_independent_censoring",100,1000,"gaussian",0,0,0,"exp","binary","moderate","none","exp",0.3,0.8,192
14,"A_independent","negative_control_independent_censoring",100,1000,"gaussian",0,0,0,"exp","binary","moderate","none","exp",0.3,0.9,192
15,"A_independent","negative_control_independent_censoring",100,1000,"gaussian",0,0,0,"exp","binary","moderate","none","exp",0.5,0.8,192
16,"A_independent","negative_control_independent_censoring",100,1000,"gaussian",0,0,0,"exp","binary","moderate","none","exp",0.5,0.9,192
17,"A_independent","negative_control_independent_censoring",300,1000,"gaussian",0,0,0,"exp","binary","moderate","none","exp",0.3,0.8,192
18,"A_independent","negative_control_independent_censoring",300,1000,"gaussian",0,0,0,"exp","binary","moderate","none","exp",0.3,0.9,192
19,"A_independent","negative_control_independent_censoring",300,1000,"gaussian",0,0,0,"exp","binary","moderate","none","exp",0.5,0.8,192
20,"A_independent","negative_control_independent_censoring",300,1000,"gaussian",0,0,0,"exp","binary","moderate","none","exp",0.5,0.9,192
21,"A_independent","negative_control_independent_censoring",500,1000,"gaussian",0,0,0,"exp","binary","moderate","none","exp",0.3,0.8,192
22,"A_independent","negative_control_independent_censoring",500,1000,"gaussian",0,0,0,"exp","binary","moderate","none","exp",0.3,0.9,192
23,"A_independent","negative_control_independent_censoring",500,1000,"gaussian",0,0,0,"exp","binary","moderate","none","exp",0.5,0.8,192
24,"A_independent","negative_control_independent_censoring",500,1000,"gaussian",0,0,0,"exp","binary","moderate","none","exp",0.5,0.9,192
25,"A_independent","negative_control_independent_censoring",100,1000,"gaussian",0.5,0.707106781186547,0.5,"exp","binary","moderate","none","exp",0.3,0.8,192
26,"A_independent","negative_control_independent_censoring",100,1000,"gaussian",0.5,0.707106781186547,0.5,"exp","binary","moderate","none","exp",0.3,0.9,192
27,"A_independent","negative_control_independent_censoring",100,1000,"gaussian",0.5,0.707106781186547,0.5,"exp","binary","moderate","none","exp",0.5,0.8,192
28,"A_independent","negative_control_independent_censoring",100,1000,"gaussian",0.5,0.707106781186547,0.5,"exp","binary","moderate","none","exp",0.5,0.9,192
29,"A_independent","negative_control_independent_censoring",300,1000,"gaussian",0.5,0.707106781186547,0.5,"exp","binary","moderate","none","exp",0.3,0.8,192
30,"A_independent","negative_control_independent_censoring",300,1000,"gaussian",0.5,0.707106781186547,0.5,"exp","binary","moderate","none","exp",0.3,0.9,192
31,"A_independent","negative_control_independent_censoring",300,1000,"gaussian",0.5,0.707106781186547,0.5,"exp","binary","moderate","none","exp",0.5,0.8,192
32,"A_independent","negative_control_independent_censoring",300,1000,"gaussian",0.5,0.707106781186547,0.5,"exp","binary","moderate","none","exp",0.5,0.9,192
33,"A_independent","negative_control_independent_censoring",500,1000,"gaussian",0.5,0.707106781186547,0.5,"exp","binary","moderate","none","exp",0.3,0.8,192
34,"A_independent","negative_control_independent_censoring",500,1000,"gaussian",0.5,0.707106781186547,0.5,"exp","binary","moderate","none","exp",0.3,0.9,192
35,"A_independent","negative_control_independent_censoring",500,1000,"gaussian",0.5,0.707106781186547,0.5,"exp","binary","moderate","none","exp",0.5,0.8,192
36,"A_independent","negative_control_independent_censoring",500,1000,"gaussian",0.5,0.707106781186547,0.5,"exp","binary","moderate","none","exp",0.5,0.9,192
37,"A_independent","negative_control_independent_censoring",100,1000,"gaussian",0.75,0.923879532511287,0.75,"exp","binary","moderate","none","exp",0.3,0.8,192
38,"A_independent","negative_control_independent_censoring",100,1000,"gaussian",0.75,0.923879532511287,0.75,"exp","binary","moderate","none","exp",0.3,0.9,192
39,"A_independent","negative_control_independent_censoring",100,1000,"gaussian",0.75,0.923879532511287,0.75,"exp","binary","moderate","none","exp",0.5,0.8,192
40,"A_independent","negative_control_independent_censoring",100,1000,"gaussian",0.75,0.923879532511287,0.75,"exp","binary","moderate","none","exp",0.5,0.9,192
41,"A_independent","negative_control_independent_censoring",300,1000,"gaussian",0.75,0.923879532511287,0.75,"exp","binary","moderate","none","exp",0.3,0.8,192
42,"A_independent","negative_control_independent_censoring",300,1000,"gaussian",0.75,0.923879532511287,0.75,"exp","binary","moderate","none","exp",0.3,0.9,192
43,"A_independent","negative_control_independent_censoring",300,1000,"gaussian",0.75,0.923879532511287,0.75,"exp","binary","moderate","none","exp",0.5,0.8,192
44,"A_independent","negative_control_independent_censoring",300,1000,"gaussian",0.75,0.923879532511287,0.75,"exp","binary","moderate","none","exp",0.5,0.9,192
45,"A_independent","negative_control_independent_censoring",500,1000,"gaussian",0.75,0.923879532511287,0.75,"exp","binary","moderate","none","exp",0.3,0.8,192
46,"A_independent","negative_control_independent_censoring",500,1000,"gaussian",0.75,0.923879532511287,0.75,"exp","binary","moderate","none","exp",0.3,0.9,192
47,"A_independent","negative_control_independent_censoring",500,1000,"gaussian",0.75,0.923879532511287,0.75,"exp","binary","moderate","none","exp",0.5,0.8,192
48,"A_independent","negative_control_independent_censoring",500,1000,"gaussian",0.75,0.923879532511287,0.75,"exp","binary","moderate","none","exp",0.5,0.9,192
49,"B_covariate_dependent","covariate_dependent_censoring",100,1000,"gaussian",-0.5,-0.707106781186547,-0.5,"exp","binary","moderate","moderate","exp",0.3,0.9,192
50,"B_covariate_dependent","covariate_dependent_censoring",100,1000,"gaussian",-0.5,-0.707106781186547,-0.5,"exp","binary","strong","strong","exp",0.3,0.9,192
51,"B_covariate_dependent","covariate_dependent_censoring",100,1000,"gaussian",-0.5,-0.707106781186547,-0.5,"exp","normal","moderate","moderate","exp",0.3,0.9,192
52,"B_covariate_dependent","covariate_dependent_censoring",100,1000,"gaussian",-0.5,-0.707106781186547,-0.5,"exp","normal","strong","strong","exp",0.3,0.9,192
53,"B_covariate_dependent","covariate_dependent_censoring",100,1000,"gaussian",-0.5,-0.707106781186547,-0.5,"exp","binary","moderate","moderate","exp",0.5,0.9,192
54,"B_covariate_dependent","covariate_dependent_censoring",100,1000,"gaussian",-0.5,-0.707106781186547,-0.5,"exp","binary","strong","strong","exp",0.5,0.9,192
55,"B_covariate_dependent","covariate_dependent_censoring",100,1000,"gaussian",-0.5,-0.707106781186547,-0.5,"exp","normal","moderate","moderate","exp",0.5,0.9,192
56,"B_covariate_dependent","covariate_dependent_censoring",100,1000,"gaussian",-0.5,-0.707106781186547,-0.5,"exp","normal","strong","strong","exp",0.5,0.9,192
57,"B_covariate_dependent","covariate_dependent_censoring",300,1000,"gaussian",-0.5,-0.707106781186547,-0.5,"exp","binary","moderate","moderate","exp",0.3,0.9,192
58,"B_covariate_dependent","covariate_dependent_censoring",300,1000,"gaussian",-0.5,-0.707106781186547,-0.5,"exp","binary","strong","strong","exp",0.3,0.9,192
59,"B_covariate_dependent","covariate_dependent_censoring",300,1000,"gaussian",-0.5,-0.707106781186547,-0.5,"exp","normal","moderate","moderate","exp",0.3,0.9,192
60,"B_covariate_dependent","covariate_dependent_censoring",300,1000,"gaussian",-0.5,-0.707106781186547,-0.5,"exp","normal","strong","strong","exp",0.3,0.9,192
61,"B_covariate_dependent","covariate_dependent_censoring",300,1000,"gaussian",-0.5,-0.707106781186547,-0.5,"exp","binary","moderate","moderate","exp",0.5,0.9,192
62,"B_covariate_dependent","covariate_dependent_censoring",300,1000,"gaussian",-0.5,-0.707106781186547,-0.5,"exp","binary","strong","strong","exp",0.5,0.9,192
63,"B_covariate_dependent","covariate_dependent_censoring",300,1000,"gaussian",-0.5,-0.707106781186547,-0.5,"exp","normal","moderate","moderate","exp",0.5,0.9,192
64,"B_covariate_dependent","covariate_dependent_censoring",300,1000,"gaussian",-0.5,-0.707106781186547,-0.5,"exp","normal","strong","strong","exp",0.5,0.9,192
65,"B_covariate_dependent","covariate_dependent_censoring",500,1000,"gaussian",-0.5,-0.707106781186547,-0.5,"exp","binary","moderate","moderate","exp",0.3,0.9,192
66,"B_covariate_dependent","covariate_dependent_censoring",500,1000,"gaussian",-0.5,-0.707106781186547,-0.5,"exp","binary","strong","strong","exp",0.3,0.9,192
67,"B_covariate_dependent","covariate_dependent_censoring",500,1000,"gaussian",-0.5,-0.707106781186547,-0.5,"exp","normal","moderate","moderate","exp",0.3,0.9,192
68,"B_covariate_dependent","covariate_dependent_censoring",500,1000,"gaussian",-0.5,-0.707106781186547,-0.5,"exp","normal","strong","strong","exp",0.3,0.9,192
69,"B_covariate_dependent","covariate_dependent_censoring",500,1000,"gaussian",-0.5,-0.707106781186547,-0.5,"exp","binary","moderate","moderate","exp",0.5,0.9,192
70,"B_covariate_dependent","covariate_dependent_censoring",500,1000,"gaussian",-0.5,-0.707106781186547,-0.5,"exp","binary","strong","strong","exp",0.5,0.9,192
71,"B_covariate_dependent","covariate_dependent_censoring",500,1000,"gaussian",-0.5,-0.707106781186547,-0.5,"exp","normal","moderate","moderate","exp",0.5,0.9,192
72,"B_covariate_dependent","covariate_dependent_censoring",500,1000,"gaussian",-0.5,-0.707106781186547,-0.5,"exp","normal","strong","strong","exp",0.5,0.9,192
73,"B_covariate_dependent","covariate_dependent_censoring",100,1000,"gaussian",0,0,0,"exp","binary","moderate","moderate","exp",0.3,0.9,192
74,"B_covariate_dependent","covariate_dependent_censoring",100,1000,"gaussian",0,0,0,"exp","binary","strong","strong","exp",0.3,0.9,192
75,"B_covariate_dependent","covariate_dependent_censoring",100,1000,"gaussian",0,0,0,"exp","normal","moderate","moderate","exp",0.3,0.9,192
76,"B_covariate_dependent","covariate_dependent_censoring",100,1000,"gaussian",0,0,0,"exp","normal","strong","strong","exp",0.3,0.9,192
77,"B_covariate_dependent","covariate_dependent_censoring",100,1000,"gaussian",0,0,0,"exp","binary","moderate","moderate","exp",0.5,0.9,192
78,"B_covariate_dependent","covariate_dependent_censoring",100,1000,"gaussian",0,0,0,"exp","binary","strong","strong","exp",0.5,0.9,192
79,"B_covariate_dependent","covariate_dependent_censoring",100,1000,"gaussian",0,0,0,"exp","normal","moderate","moderate","exp",0.5,0.9,192
80,"B_covariate_dependent","covariate_dependent_censoring",100,1000,"gaussian",0,0,0,"exp","normal","strong","strong","exp",0.5,0.9,192
81,"B_covariate_dependent","covariate_dependent_censoring",300,1000,"gaussian",0,0,0,"exp","binary","moderate","moderate","exp",0.3,0.9,192
82,"B_covariate_dependent","covariate_dependent_censoring",300,1000,"gaussian",0,0,0,"exp","binary","strong","strong","exp",0.3,0.9,192
83,"B_covariate_dependent","covariate_dependent_censoring",300,1000,"gaussian",0,0,0,"exp","normal","moderate","moderate","exp",0.3,0.9,192
84,"B_covariate_dependent","covariate_dependent_censoring",300,1000,"gaussian",0,0,0,"exp","normal","strong","strong","exp",0.3,0.9,192
85,"B_covariate_dependent","covariate_dependent_censoring",300,1000,"gaussian",0,0,0,"exp","binary","moderate","moderate","exp",0.5,0.9,192
86,"B_covariate_dependent","covariate_dependent_censoring",300,1000,"gaussian",0,0,0,"exp","binary","strong","strong","exp",0.5,0.9,192
87,"B_covariate_dependent","covariate_dependent_censoring",300,1000,"gaussian",0,0,0,"exp","normal","moderate","moderate","exp",0.5,0.9,192
88,"B_covariate_dependent","covariate_dependent_censoring",300,1000,"gaussian",0,0,0,"exp","normal","strong","strong","exp",0.5,0.9,192
89,"B_covariate_dependent","covariate_dependent_censoring",500,1000,"gaussian",0,0,0,"exp","binary","moderate","moderate","exp",0.3,0.9,192
90,"B_covariate_dependent","covariate_dependent_censoring",500,1000,"gaussian",0,0,0,"exp","binary","strong","strong","exp",0.3,0.9,192
91,"B_covariate_dependent","covariate_dependent_censoring",500,1000,"gaussian",0,0,0,"exp","normal","moderate","moderate","exp",0.3,0.9,192
92,"B_covariate_dependent","covariate_dependent_censoring",500,1000,"gaussian",0,0,0,"exp","normal","strong","strong","exp",0.3,0.9,192
93,"B_covariate_dependent","covariate_dependent_censoring",500,1000,"gaussian",0,0,0,"exp","binary","moderate","moderate","exp",0.5,0.9,192
94,"B_covariate_dependent","covariate_dependent_censoring",500,1000,"gaussian",0,0,0,"exp","binary","strong","strong","exp",0.5,0.9,192
95,"B_covariate_dependent","covariate_dependent_censoring",500,1000,"gaussian",0,0,0,"exp","normal","moderate","moderate","exp",0.5,0.9,192
96,"B_covariate_dependent","covariate_dependent_censoring",500,1000,"gaussian",0,0,0,"exp","normal","strong","strong","exp",0.5,0.9,192
97,"B_covariate_dependent","covariate_dependent_censoring",100,1000,"gaussian",0.5,0.707106781186547,0.5,"exp","binary","moderate","moderate","exp",0.3,0.9,192
98,"B_covariate_dependent","covariate_dependent_censoring",100,1000,"gaussian",0.5,0.707106781186547,0.5,"exp","binary","strong","strong","exp",0.3,0.9,192
99,"B_covariate_dependent","covariate_dependent_censoring",100,1000,"gaussian",0.5,0.707106781186547,0.5,"exp","normal","moderate","moderate","exp",0.3,0.9,192
100,"B_covariate_dependent","covariate_dependent_censoring",100,1000,"gaussian",0.5,0.707106781186547,0.5,"exp","normal","strong","strong","exp",0.3,0.9,192
101,"B_covariate_dependent","covariate_dependent_censoring",100,1000,"gaussian",0.5,0.707106781186547,0.5,"exp","binary","moderate","moderate","exp",0.5,0.9,192
102,"B_covariate_dependent","covariate_dependent_censoring",100,1000,"gaussian",0.5,0.707106781186547,0.5,"exp","binary","strong","strong","exp",0.5,0.9,192
103,"B_covariate_dependent","covariate_dependent_censoring",100,1000,"gaussian",0.5,0.707106781186547,0.5,"exp","normal","moderate","moderate","exp",0.5,0.9,192
104,"B_covariate_dependent","covariate_dependent_censoring",100,1000,"gaussian",0.5,0.707106781186547,0.5,"exp","normal","strong","strong","exp",0.5,0.9,192
105,"B_covariate_dependent","covariate_dependent_censoring",300,1000,"gaussian",0.5,0.707106781186547,0.5,"exp","binary","moderate","moderate","exp",0.3,0.9,192
106,"B_covariate_dependent","covariate_dependent_censoring",300,1000,"gaussian",0.5,0.707106781186547,0.5,"exp","binary","strong","strong","exp",0.3,0.9,192
107,"B_covariate_dependent","covariate_dependent_censoring",300,1000,"gaussian",0.5,0.707106781186547,0.5,"exp","normal","moderate","moderate","exp",0.3,0.9,192
108,"B_covariate_dependent","covariate_dependent_censoring",300,1000,"gaussian",0.5,0.707106781186547,0.5,"exp","normal","strong","strong","exp",0.3,0.9,192
109,"B_covariate_dependent","covariate_dependent_censoring",300,1000,"gaussian",0.5,0.707106781186547,0.5,"exp","binary","moderate","moderate","exp",0.5,0.9,192
110,"B_covariate_dependent","covariate_dependent_censoring",300,1000,"gaussian",0.5,0.707106781186547,0.5,"exp","binary","strong","strong","exp",0.5,0.9,192
111,"B_covariate_dependent","covariate_dependent_censoring",300,1000,"gaussian",0.5,0.707106781186547,0.5,"exp","normal","moderate","moderate","exp",0.5,0.9,192
112,"B_covariate_dependent","covariate_dependent_censoring",300,1000,"gaussian",0.5,0.707106781186547,0.5,"exp","normal","strong","strong","exp",0.5,0.9,192
113,"B_covariate_dependent","covariate_dependent_censoring",500,1000,"gaussian",0.5,0.707106781186547,0.5,"exp","binary","moderate","moderate","exp",0.3,0.9,192
114,"B_covariate_dependent","covariate_dependent_censoring",500,1000,"gaussian",0.5,0.707106781186547,0.5,"exp","binary","strong","strong","exp",0.3,0.9,192
115,"B_covariate_dependent","covariate_dependent_censoring",500,1000,"gaussian",0.5,0.707106781186547,0.5,"exp","normal","moderate","moderate","exp",0.3,0.9,192
116,"B_covariate_dependent","covariate_dependent_censoring",500,1000,"gaussian",0.5,0.707106781186547,0.5,"exp","normal","strong","strong","exp",0.3,0.9,192
117,"B_covariate_dependent","covariate_dependent_censoring",500,1000,"gaussian",0.5,0.707106781186547,0.5,"exp","binary","moderate","moderate","exp",0.5,0.9,192
118,"B_covariate_dependent","covariate_dependent_censoring",500,1000,"gaussian",0.5,0.707106781186547,0.5,"exp","binary","strong","strong","exp",0.5,0.9,192
119,"B_covariate_dependent","covariate_dependent_censoring",500,1000,"gaussian",0.5,0.707106781186547,0.5,"exp","normal","moderate","moderate","exp",0.5,0.9,192
120,"B_covariate_dependent","covariate_dependent_censoring",500,1000,"gaussian",0.5,0.707106781186547,0.5,"exp","normal","strong","strong","exp",0.5,0.9,192
121,"B_covariate_dependent","covariate_dependent_censoring",100,1000,"gaussian",0.75,0.923879532511287,0.75,"exp","binary","moderate","moderate","exp",0.3,0.9,192
122,"B_covariate_dependent","covariate_dependent_censoring",100,1000,"gaussian",0.75,0.923879532511287,0.75,"exp","binary","strong","strong","exp",0.3,0.9,192
123,"B_covariate_dependent","covariate_dependent_censoring",100,1000,"gaussian",0.75,0.923879532511287,0.75,"exp","normal","moderate","moderate","exp",0.3,0.9,192
124,"B_covariate_dependent","covariate_dependent_censoring",100,1000,"gaussian",0.75,0.923879532511287,0.75,"exp","normal","strong","strong","exp",0.3,0.9,192
125,"B_covariate_dependent","covariate_dependent_censoring",100,1000,"gaussian",0.75,0.923879532511287,0.75,"exp","binary","moderate","moderate","exp",0.5,0.9,192
126,"B_covariate_dependent","covariate_dependent_censoring",100,1000,"gaussian",0.75,0.923879532511287,0.75,"exp","binary","strong","strong","exp",0.5,0.9,192
127,"B_covariate_dependent","covariate_dependent_censoring",100,1000,"gaussian",0.75,0.923879532511287,0.75,"exp","normal","moderate","moderate","exp",0.5,0.9,192
128,"B_covariate_dependent","covariate_dependent_censoring",100,1000,"gaussian",0.75,0.923879532511287,0.75,"exp","normal","strong","strong","exp",0.5,0.9,192
129,"B_covariate_dependent","covariate_dependent_censoring",300,1000,"gaussian",0.75,0.923879532511287,0.75,"exp","binary","moderate","moderate","exp",0.3,0.9,192
130,"B_covariate_dependent","covariate_dependent_censoring",300,1000,"gaussian",0.75,0.923879532511287,0.75,"exp","binary","strong","strong","exp",0.3,0.9,192
131,"B_covariate_dependent","covariate_dependent_censoring",300,1000,"gaussian",0.75,0.923879532511287,0.75,"exp","normal","moderate","moderate","exp",0.3,0.9,192
132,"B_covariate_dependent","covariate_dependent_censoring",300,1000,"gaussian",0.75,0.923879532511287,0.75,"exp","normal","strong","strong","exp",0.3,0.9,192
133,"B_covariate_dependent","covariate_dependent_censoring",300,1000,"gaussian",0.75,0.923879532511287,0.75,"exp","binary","moderate","moderate","exp",0.5,0.9,192
134,"B_covariate_dependent","covariate_dependent_censoring",300,1000,"gaussian",0.75,0.923879532511287,0.75,"exp","binary","strong","strong","exp",0.5,0.9,192
135,"B_covariate_dependent","covariate_dependent_censoring",300,1000,"gaussian",0.75,0.923879532511287,0.75,"exp","normal","moderate","moderate","exp",0.5,0.9,192
136,"B_covariate_dependent","covariate_dependent_censoring",300,1000,"gaussian",0.75,0.923879532511287,0.75,"exp","normal","strong","strong","exp",0.5,0.9,192
137,"B_covariate_dependent","covariate_dependent_censoring",500,1000,"gaussian",0.75,0.923879532511287,0.75,"exp","binary","moderate","moderate","exp",0.3,0.9,192
138,"B_covariate_dependent","covariate_dependent_censoring",500,1000,"gaussian",0.75,0.923879532511287,0.75,"exp","binary","strong","strong","exp",0.3,0.9,192
139,"B_covariate_dependent","covariate_dependent_censoring",500,1000,"gaussian",0.75,0.923879532511287,0.75,"exp","normal","moderate","moderate","exp",0.3,0.9,192
140,"B_covariate_dependent","covariate_dependent_censoring",500,1000,"gaussian",0.75,0.923879532511287,0.75,"exp","normal","strong","strong","exp",0.3,0.9,192
141,"B_covariate_dependent","covariate_dependent_censoring",500,1000,"gaussian",0.75,0.923879532511287,0.75,"exp","binary","moderate","moderate","exp",0.5,0.9,192
142,"B_covariate_dependent","covariate_dependent_censoring",500,1000,"gaussian",0.75,0.923879532511287,0.75,"exp","binary","strong","strong","exp",0.5,0.9,192
143,"B_covariate_dependent","covariate_dependent_censoring",500,1000,"gaussian",0.75,0.923879532511287,0.75,"exp","normal","moderate","moderate","exp",0.5,0.9,192
144,"B_covariate_dependent","covariate_dependent_censoring",500,1000,"gaussian",0.75,0.923879532511287,0.75,"exp","normal","strong","strong","exp",0.5,0.9,192
145,"C_nonlinear_observability","nonlinear_covariate_dependent_censoring",100,1000,"gaussian",-0.5,-0.707106781186547,-0.5,"exp","normal","nonlinear","nonlinear_moderate","weibull_nonlinear",0.3,0.9,192
146,"C_nonlinear_observability","nonlinear_covariate_dependent_censoring",100,1000,"gaussian",-0.5,-0.707106781186547,-0.5,"exp","normal","nonlinear","nonlinear_strong","weibull_nonlinear",0.3,0.9,192
147,"C_nonlinear_observability","nonlinear_covariate_dependent_censoring",100,1000,"gaussian",-0.5,-0.707106781186547,-0.5,"exp","normal","nonlinear","nonlinear_moderate","weibull_nonlinear",0.5,0.9,192
148,"C_nonlinear_observability","nonlinear_covariate_dependent_censoring",100,1000,"gaussian",-0.5,-0.707106781186547,-0.5,"exp","normal","nonlinear","nonlinear_strong","weibull_nonlinear",0.5,0.9,192
149,"C_nonlinear_observability","nonlinear_covariate_dependent_censoring",300,1000,"gaussian",-0.5,-0.707106781186547,-0.5,"exp","normal","nonlinear","nonlinear_moderate","weibull_nonlinear",0.3,0.9,192
150,"C_nonlinear_observability","nonlinear_covariate_dependent_censoring",300,1000,"gaussian",-0.5,-0.707106781186547,-0.5,"exp","normal","nonlinear","nonlinear_strong","weibull_nonlinear",0.3,0.9,192
151,"C_nonlinear_observability","nonlinear_covariate_dependent_censoring",300,1000,"gaussian",-0.5,-0.707106781186547,-0.5,"exp","normal","nonlinear","nonlinear_moderate","weibull_nonlinear",0.5,0.9,192
152,"C_nonlinear_observability","nonlinear_covariate_dependent_censoring",300,1000,"gaussian",-0.5,-0.707106781186547,-0.5,"exp","normal","nonlinear","nonlinear_strong","weibull_nonlinear",0.5,0.9,192
153,"C_nonlinear_observability","nonlinear_covariate_dependent_censoring",500,1000,"gaussian",-0.5,-0.707106781186547,-0.5,"exp","normal","nonlinear","nonlinear_moderate","weibull_nonlinear",0.3,0.9,192
154,"C_nonlinear_observability","nonlinear_covariate_dependent_censoring",500,1000,"gaussian",-0.5,-0.707106781186547,-0.5,"exp","normal","nonlinear","nonlinear_strong","weibull_nonlinear",0.3,0.9,192
155,"C_nonlinear_observability","nonlinear_covariate_dependent_censoring",500,1000,"gaussian",-0.5,-0.707106781186547,-0.5,"exp","normal","nonlinear","nonlinear_moderate","weibull_nonlinear",0.5,0.9,192
156,"C_nonlinear_observability","nonlinear_covariate_dependent_censoring",500,1000,"gaussian",-0.5,-0.707106781186547,-0.5,"exp","normal","nonlinear","nonlinear_strong","weibull_nonlinear",0.5,0.9,192
157,"C_nonlinear_observability","nonlinear_covariate_dependent_censoring",100,1000,"gaussian",0,0,0,"exp","normal","nonlinear","nonlinear_moderate","weibull_nonlinear",0.3,0.9,192
158,"C_nonlinear_observability","nonlinear_covariate_dependent_censoring",100,1000,"gaussian",0,0,0,"exp","normal","nonlinear","nonlinear_strong","weibull_nonlinear",0.3,0.9,192
159,"C_nonlinear_observability","nonlinear_covariate_dependent_censoring",100,1000,"gaussian",0,0,0,"exp","normal","nonlinear","nonlinear_moderate","weibull_nonlinear",0.5,0.9,192
160,"C_nonlinear_observability","nonlinear_covariate_dependent_censoring",100,1000,"gaussian",0,0,0,"exp","normal","nonlinear","nonlinear_strong","weibull_nonlinear",0.5,0.9,192
161,"C_nonlinear_observability","nonlinear_covariate_dependent_censoring",300,1000,"gaussian",0,0,0,"exp","normal","nonlinear","nonlinear_moderate","weibull_nonlinear",0.3,0.9,192
162,"C_nonlinear_observability","nonlinear_covariate_dependent_censoring",300,1000,"gaussian",0,0,0,"exp","normal","nonlinear","nonlinear_strong","weibull_nonlinear",0.3,0.9,192
163,"C_nonlinear_observability","nonlinear_covariate_dependent_censoring",300,1000,"gaussian",0,0,0,"exp","normal","nonlinear","nonlinear_moderate","weibull_nonlinear",0.5,0.9,192
164,"C_nonlinear_observability","nonlinear_covariate_dependent_censoring",300,1000,"gaussian",0,0,0,"exp","normal","nonlinear","nonlinear_strong","weibull_nonlinear",0.5,0.9,192
165,"C_nonlinear_observability","nonlinear_covariate_dependent_censoring",500,1000,"gaussian",0,0,0,"exp","normal","nonlinear","nonlinear_moderate","weibull_nonlinear",0.3,0.9,192
166,"C_nonlinear_observability","nonlinear_covariate_dependent_censoring",500,1000,"gaussian",0,0,0,"exp","normal","nonlinear","nonlinear_strong","weibull_nonlinear",0.3,0.9,192
167,"C_nonlinear_observability","nonlinear_covariate_dependent_censoring",500,1000,"gaussian",0,0,0,"exp","normal","nonlinear","nonlinear_moderate","weibull_nonlinear",0.5,0.9,192
168,"C_nonlinear_observability","nonlinear_covariate_dependent_censoring",500,1000,"gaussian",0,0,0,"exp","normal","nonlinear","nonlinear_strong","weibull_nonlinear",0.5,0.9,192
169,"C_nonlinear_observability","nonlinear_covariate_dependent_censoring",100,1000,"gaussian",0.5,0.707106781186547,0.5,"exp","normal","nonlinear","nonlinear_moderate","weibull_nonlinear",0.3,0.9,192
170,"C_nonlinear_observability","nonlinear_covariate_dependent_censoring",100,1000,"gaussian",0.5,0.707106781186547,0.5,"exp","normal","nonlinear","nonlinear_strong","weibull_nonlinear",0.3,0.9,192
171,"C_nonlinear_observability","nonlinear_covariate_dependent_censoring",100,1000,"gaussian",0.5,0.707106781186547,0.5,"exp","normal","nonlinear","nonlinear_moderate","weibull_nonlinear",0.5,0.9,192
172,"C_nonlinear_observability","nonlinear_covariate_dependent_censoring",100,1000,"gaussian",0.5,0.707106781186547,0.5,"exp","normal","nonlinear","nonlinear_strong","weibull_nonlinear",0.5,0.9,192
173,"C_nonlinear_observability","nonlinear_covariate_dependent_censoring",300,1000,"gaussian",0.5,0.707106781186547,0.5,"exp","normal","nonlinear","nonlinear_moderate","weibull_nonlinear",0.3,0.9,192
174,"C_nonlinear_observability","nonlinear_covariate_dependent_censoring",300,1000,"gaussian",0.5,0.707106781186547,0.5,"exp","normal","nonlinear","nonlinear_strong","weibull_nonlinear",0.3,0.9,192
175,"C_nonlinear_observability","nonlinear_covariate_dependent_censoring",300,1000,"gaussian",0.5,0.707106781186547,0.5,"exp","normal","nonlinear","nonlinear_moderate","weibull_nonlinear",0.5,0.9,192
176,"C_nonlinear_observability","nonlinear_covariate_dependent_censoring",300,1000,"gaussian",0.5,0.707106781186547,0.5,"exp","normal","nonlinear","nonlinear_strong","weibull_nonlinear",0.5,0.9,192
177,"C_nonlinear_observability","nonlinear_covariate_dependent_censoring",500,1000,"gaussian",0.5,0.707106781186547,0.5,"exp","normal","nonlinear","nonlinear_moderate","weibull_nonlinear",0.3,0.9,192
178,"C_nonlinear_observability","nonlinear_covariate_dependent_censoring",500,1000,"gaussian",0.5,0.707106781186547,0.5,"exp","normal","nonlinear","nonlinear_strong","weibull_nonlinear",0.3,0.9,192
179,"C_nonlinear_observability","nonlinear_covariate_dependent_censoring",500,1000,"gaussian",0.5,0.707106781186547,0.5,"exp","normal","nonlinear","nonlinear_moderate","weibull_nonlinear",0.5,0.9,192
180,"C_nonlinear_observability","nonlinear_covariate_dependent_censoring",500,1000,"gaussian",0.5,0.707106781186547,0.5,"exp","normal","nonlinear","nonlinear_strong","weibull_nonlinear",0.5,0.9,192
181,"C_nonlinear_observability","nonlinear_covariate_dependent_censoring",100,1000,"gaussian",0.75,0.923879532511287,0.75,"exp","normal","nonlinear","nonlinear_moderate","weibull_nonlinear",0.3,0.9,192
182,"C_nonlinear_observability","nonlinear_covariate_dependent_censoring",100,1000,"gaussian",0.75,0.923879532511287,0.75,"exp","normal","nonlinear","nonlinear_strong","weibull_nonlinear",0.3,0.9,192
183,"C_nonlinear_observability","nonlinear_covariate_dependent_censoring",100,1000,"gaussian",0.75,0.923879532511287,0.75,"exp","normal","nonlinear","nonlinear_moderate","weibull_nonlinear",0.5,0.9,192
184,"C_nonlinear_observability","nonlinear_covariate_dependent_censoring",100,1000,"gaussian",0.75,0.923879532511287,0.75,"exp","normal","nonlinear","nonlinear_strong","weibull_nonlinear",0.5,0.9,192
185,"C_nonlinear_observability","nonlinear_covariate_dependent_censoring",300,1000,"gaussian",0.75,0.923879532511287,0.75,"exp","normal","nonlinear","nonlinear_moderate","weibull_nonlinear",0.3,0.9,192
186,"C_nonlinear_observability","nonlinear_covariate_dependent_censoring",300,1000,"gaussian",0.75,0.923879532511287,0.75,"exp","normal","nonlinear","nonlinear_strong","weibull_nonlinear",0.3,0.9,192
187,"C_nonlinear_observability","nonlinear_covariate_dependent_censoring",300,1000,"gaussian",0.75,0.923879532511287,0.75,"exp","normal","nonlinear","nonlinear_moderate","weibull_nonlinear",0.5,0.9,192
188,"C_nonlinear_observability","nonlinear_covariate_dependent_censoring",300,1000,"gaussian",0.75,0.923879532511287,0.75,"exp","normal","nonlinear","nonlinear_strong","weibull_nonlinear",0.5,0.9,192
189,"C_nonlinear_observability","nonlinear_covariate_dependent_censoring",500,1000,"gaussian",0.75,0.923879532511287,0.75,"exp","normal","nonlinear","nonlinear_moderate","weibull_nonlinear",0.3,0.9,192
190,"C_nonlinear_observability","nonlinear_covariate_dependent_censoring",500,1000,"gaussian",0.75,0.923879532511287,0.75,"exp","normal","nonlinear","nonlinear_strong","weibull_nonlinear",0.3,0.9,192
191,"C_nonlinear_observability","nonlinear_covariate_dependent_censoring",500,1000,"gaussian",0.75,0.923879532511287,0.75,"exp","normal","nonlinear","nonlinear_moderate","weibull_nonlinear",0.5,0.9,192
192,"C_nonlinear_observability","nonlinear_covariate_dependent_censoring",500,1000,"gaussian",0.75,0.923879532511287,0.75,"exp","normal","nonlinear","nonlinear_strong","weibull_nonlinear",0.5,0.9,192
