"scenario_id","block","scenario_group","n","n_rep","copula_family","tau_design","copula_param","tau_full","margin","x_type","cov_effect","censor_x_effect","censor_model","target_censor2","H_quantile","total_scenarios","H","tau_H_true","tau_untruncated_true","censor_base_rate","p_d1_theory","p_d2_theory","target_censor2_check","N_TRUTH"
1,"A_independent","negative_control_independent_censoring",100,1000,"gaussian",-0.5,-0.707106781186547,-0.5,"exp","binary","moderate","none","exp",0.3,0.8,192,2.96576376828973,-0.459597623905273,-0.505375963600477,0.168785421940204,0.853509230486748,0.700000000000369,0.299999999999631,200000
2,"A_independent","negative_control_independent_censoring",100,1000,"gaussian",-0.5,-0.707106781186547,-0.5,"exp","binary","moderate","none","exp",0.3,0.9,192,3.69201160004096,-0.468194381852656,-0.506799557200473,0.16881194123584,0.85320200842615,0.700000000000365,0.299999999999635,200000
3,"A_independent","negative_control_independent_censoring",100,1000,"gaussian",-0.5,-0.707106781186547,-0.5,"exp","binary","moderate","none","exp",0.5,0.8,192,2.96450379611449,-0.461487894530277,-0.505533525600469,0.342549542801801,0.742401625883305,0.5,0.5,200000
4,"A_independent","negative_control_independent_censoring",100,1000,"gaussian",-0.5,-0.707106781186547,-0.5,"exp","binary","moderate","none","exp",0.5,0.9,192,3.70282381098719,-0.465769603334134,-0.505623887400474,0.342606201104912,0.742544002367413,0.5,0.5,200000
5,"A_independent","negative_control_independent_censoring",300,1000,"gaussian",-0.5,-0.707106781186547,-0.5,"exp","binary","moderate","none","exp",0.3,0.8,192,2.96942415537424,-0.460487220624023,-0.507167992300474,0.168640840902564,0.853865836638459,0.700000000000369,0.299999999999631,200000
6,"A_independent","negative_control_independent_censoring",300,1000,"gaussian",-0.5,-0.707106781186547,-0.5,"exp","binary","moderate","none","exp",0.3,0.9,192,3.70395031922448,-0.465394860247724,-0.505758984900473,0.168904576646135,0.853161804021045,0.700000000000366,0.299999999999634,200000
7,"A_independent","negative_control_independent_censoring",300,1000,"gaussian",-0.5,-0.707106781186547,-0.5,"exp","binary","moderate","none","exp",0.5,0.8,192,2.97113613306375,-0.461843058436528,-0.506604197300472,0.342348455262922,0.741906259412458,0.5,0.5,200000
8,"A_independent","negative_control_independent_censoring",300,1000,"gaussian",-0.5,-0.707106781186547,-0.5,"exp","binary","moderate","none","exp",0.5,0.9,192,3.69403953838357,-0.466023646173649,-0.504317750100471,0.3428872240284,0.743299641257776,0.5,0.5,200000
9,"A_independent","negative_control_independent_censoring",500,1000,"gaussian",-0.5,-0.707106781186547,-0.5,"exp","binary","moderate","none","exp",0.3,0.8,192,2.96668794971144,-0.459297501249028,-0.506230899100477,0.168731061112296,0.85388561869466,0.70000000000037,0.29999999999963,200000
10,"A_independent","negative_control_independent_censoring",500,1000,"gaussian",-0.5,-0.707106781186547,-0.5,"exp","binary","moderate","none","exp",0.3,0.9,192,3.68527460925482,-0.467499789877353,-0.505098692900472,0.168922715153687,0.853066829420612,0.700000000000353,0.299999999999647,200000
11,"A_independent","negative_control_independent_censoring",500,1000,"gaussian",-0.5,-0.707106781186547,-0.5,"exp","binary","moderate","none","exp",0.5,0.8,192,2.95984514083842,-0.457752391405272,-0.505486768700468,0.34303344557676,0.743104817234266,0.5,0.5,200000
12,"A_independent","negative_control_independent_censoring",500,1000,"gaussian",-0.5,-0.707106781186547,-0.5,"exp","binary","moderate","none","exp",0.5,0.9,192,3.69459366188024,-0.467206605309446,-0.505564642100468,0.342917600947105,0.74251321335513,0.5,0.5,200000
13,"A_independent","negative_control_independent_censoring",100,1000,"gaussian",0,0,0,"exp","binary","moderate","none","exp",0.3,0.8,192,3.32364387371678,-0.109413772499032,-0.017866033800703,0.176750436943426,0.84778537486407,0.700000000006651,0.299999999993349,200000
14,"A_independent","negative_control_independent_censoring",100,1000,"gaussian",0,0,0,"exp","binary","moderate","none","exp",0.3,0.9,192,4.34344775917212,-0.0712276071614121,-0.0193081922007017,0.176637448150556,0.847524774933675,0.70000000000667,0.29999999999333,200000
15,"A_independent","negative_control_independent_censoring",100,1000,"gaussian",0,0,0,"exp","binary","moderate","none","exp",0.5,0.8,192,3.33893839618383,-0.108874580624034,-0.016433851100708,0.375685812714328,0.724723017963997,0.499999999999998,0.500000000000002,200000
16,"A_independent","negative_control_independent_censoring",100,1000,"gaussian",0,0,0,"exp","binary","moderate","none","exp",0.5,0.9,192,4.34876673157424,-0.0740681340749888,-0.0209550774006943,0.375775522168156,0.724302321450712,0.499999999999998,0.500000000000002,200000
17,"A_independent","negative_control_independent_censoring",300,1000,"gaussian",0,0,0,"exp","binary","moderate","none","exp",0.3,0.8,192,3.32370503398662,-0.107844957811527,-0.0190879481006989,0.176692672069157,0.847428197479957,0.700000000006575,0.299999999993425,200000
18,"A_independent","negative_control_independent_censoring",300,1000,"gaussian",0,0,0,"exp","binary","moderate","none","exp",0.3,0.9,192,4.35436694129349,-0.0743351325935083,-0.0203661948006965,0.176240657758311,0.847889807593853,0.700000000006611,0.299999999993389,200000
19,"A_independent","negative_control_independent_censoring",300,1000,"gaussian",0,0,0,"exp","binary","moderate","none","exp",0.5,0.8,192,3.31909346865047,-0.10645799624903,-0.0167609022007021,0.376384230147695,0.724254032606667,0.499999999999998,0.500000000000002,200000
20,"A_independent","negative_control_independent_censoring",300,1000,"gaussian",0,0,0,"exp","binary","moderate","none","exp",0.5,0.9,192,4.36153716239518,-0.0720629829638826,-0.018249262000699,0.374334658827605,0.724779271497163,0.499999999999998,0.500000000000002,200000
21,"A_independent","negative_control_independent_censoring",500,1000,"gaussian",0,0,0,"exp","binary","moderate","none","exp",0.3,0.8,192,3.33367298132475,-0.10844215906153,-0.0176968567007033,0.176061279402561,0.847679730221538,0.700000000006826,0.299999999993174,200000
22,"A_independent","negative_control_independent_censoring",500,1000,"gaussian",0,0,0,"exp","binary","moderate","none","exp",0.3,0.9,192,4.35703316075272,-0.0694738056799321,-0.0175644279007038,0.176287721223564,0.848147668502093,0.700000000006895,0.299999999993105,200000
23,"A_independent","negative_control_independent_censoring",500,1000,"gaussian",0,0,0,"exp","binary","moderate","none","exp",0.5,0.8,192,3.31997147686093,-0.108679270936531,-0.0190978757007029,0.3762656232462,0.724273508305876,0.499999999999998,0.500000000000002,200000
24,"A_independent","negative_control_independent_censoring",500,1000,"gaussian",0,0,0,"exp","binary","moderate","none","exp",0.5,0.9,192,4.36096809097764,-0.0734560011120299,-0.0196423509007039,0.374266309079271,0.724429276339674,0.499999999999998,0.500000000000002,200000
25,"A_independent","negative_control_independent_censoring",100,1000,"gaussian",0.5,0.707106781186547,0.5,"exp","binary","moderate","none","exp",0.3,0.8,192,3.51012654839167,0.326681119844438,0.452849451999157,0.187227125970388,0.840101689799514,0.699999999999999,0.300000000000001,200000
26,"A_independent","negative_control_independent_censoring",100,1000,"gaussian",0.5,0.707106781186547,0.5,"exp","binary","moderate","none","exp",0.3,0.9,192,4.90097114081706,0.380358540492969,0.45259090679916,0.187356816293942,0.840060772209597,0.699999999999999,0.300000000000001,200000
27,"A_independent","negative_control_independent_censoring",100,1000,"gaussian",0.5,0.707106781186547,0.5,"exp","binary","moderate","none","exp",0.5,0.8,192,3.51194853758845,0.329421784063179,0.454277658899145,0.423371265698125,0.700467055726759,0.499999999999969,0.500000000000031,200000
28,"A_independent","negative_control_independent_censoring",100,1000,"gaussian",0.5,0.707106781186547,0.5,"exp","binary","moderate","none","exp",0.5,0.9,192,4.89503616014441,0.37968149777692,0.452202299499159,0.423633113200527,0.70038331420042,0.499999999999968,0.500000000000032,200000
29,"A_independent","negative_control_independent_censoring",300,1000,"gaussian",0.5,0.707106781186547,0.5,"exp","binary","moderate","none","exp",0.3,0.8,192,3.50737717726818,0.326303629219432,0.452542213899156,0.187765230238534,0.839794747648007,0.699999999999999,0.300000000000001,200000
30,"A_independent","negative_control_independent_censoring",300,1000,"gaussian",0.5,0.707106781186547,0.5,"exp","binary","moderate","none","exp",0.3,0.9,192,4.85917287617685,0.379111458517659,0.450495556899148,0.187833065074602,0.840127016494383,0.699999999999999,0.300000000000001,200000
31,"A_independent","negative_control_independent_censoring",300,1000,"gaussian",0.5,0.707106781186547,0.5,"exp","binary","moderate","none","exp",0.5,0.8,192,3.49733820344927,0.326150528281935,0.451629135999154,0.423752996736825,0.700706223215843,0.499999999999968,0.500000000000032,200000
32,"A_independent","negative_control_independent_censoring",300,1000,"gaussian",0.5,0.707106781186547,0.5,"exp","binary","moderate","none","exp",0.5,0.9,192,4.88652847926736,0.382291402962104,0.454373713899153,0.423406159408537,0.700225206910466,0.499999999999968,0.500000000000032,200000
33,"A_independent","negative_control_independent_censoring",500,1000,"gaussian",0.5,0.707106781186547,0.5,"exp","binary","moderate","none","exp",0.3,0.8,192,3.52636989534867,0.326519475469434,0.451782625299149,0.186683951843572,0.839958000483822,0.699999999999999,0.300000000000001,200000
34,"A_independent","negative_control_independent_censoring",500,1000,"gaussian",0.5,0.707106781186547,0.5,"exp","binary","moderate","none","exp",0.3,0.9,192,4.8889101045035,0.378950583949767,0.450890589399159,0.18755009589098,0.840086664762541,0.699999999999999,0.300000000000001,200000
35,"A_independent","negative_control_independent_censoring",500,1000,"gaussian",0.5,0.707106781186547,0.5,"exp","binary","moderate","none","exp",0.5,0.8,192,3.50760842168601,0.326258254531942,0.45184332769916,0.423196061914284,0.700310925492971,0.499999999999969,0.500000000000031,200000
36,"A_independent","negative_control_independent_censoring",500,1000,"gaussian",0.5,0.707106781186547,0.5,"exp","binary","moderate","none","exp",0.5,0.9,192,4.86518198551902,0.378950351233712,0.450894786999151,0.422600626243382,0.700813923705133,0.49999999999997,0.50000000000003,200000
37,"A_independent","negative_control_independent_censoring",100,1000,"gaussian",0.75,0.923879532511287,0.75,"exp","binary","moderate","none","exp",0.3,0.8,192,3.55742015571567,0.569770946562934,0.659607764199239,0.191326127182765,0.836921400867273,0.699999999999997,0.300000000000003,200000
38,"A_independent","negative_control_independent_censoring",100,1000,"gaussian",0.75,0.923879532511287,0.75,"exp","binary","moderate","none","exp",0.3,0.9,192,5.03575312618785,0.610199136542554,0.659881245999233,0.191728419426336,0.837036476930595,0.699999999999997,0.300000000000003,200000
39,"A_independent","negative_control_independent_censoring",100,1000,"gaussian",0.75,0.923879532511287,0.75,"exp","binary","moderate","none","exp",0.5,0.8,192,3.55973324562943,0.573138272031679,0.661469522399251,0.442934985493921,0.690823553683899,0.499999999999925,0.500000000000075,200000
40,"A_independent","negative_control_independent_censoring",100,1000,"gaussian",0.75,0.923879532511287,0.75,"exp","binary","moderate","none","exp",0.5,0.9,192,5.03073193112834,0.608929443456143,0.658889287599235,0.444839301829346,0.691073904193023,0.499999999999918,0.500000000000082,200000
41,"A_independent","negative_control_independent_censoring",300,1000,"gaussian",0.75,0.923879532511287,0.75,"exp","binary","moderate","none","exp",0.3,0.8,192,3.5561575863729,0.573088778437944,0.662111983499254,0.191440989708635,0.836989490678509,0.699999999999997,0.300000000000003,200000
42,"A_independent","negative_control_independent_censoring",300,1000,"gaussian",0.75,0.923879532511287,0.75,"exp","binary","moderate","none","exp",0.3,0.9,192,5.06281050535132,0.611980881357385,0.661240087099237,0.190996217507572,0.836982055441841,0.699999999999997,0.300000000000003,200000
43,"A_independent","negative_control_independent_censoring",300,1000,"gaussian",0.75,0.923879532511287,0.75,"exp","binary","moderate","none","exp",0.5,0.8,192,3.54600685557838,0.570817280000434,0.660114803899237,0.443608816604189,0.690982891669354,0.499999999999923,0.500000000000077,200000
44,"A_independent","negative_control_independent_censoring",300,1000,"gaussian",0.75,0.923879532511287,0.75,"exp","binary","moderate","none","exp",0.5,0.9,192,5.05268212034496,0.61102064654257,0.660537114499243,0.444536466489901,0.691183565963053,0.499999999999919,0.500000000000081,200000
45,"A_independent","negative_control_independent_censoring",500,1000,"gaussian",0.75,0.923879532511287,0.75,"exp","binary","moderate","none","exp",0.3,0.8,192,3.56943102138569,0.571501883750435,0.660518782399231,0.191030249940348,0.837017135378402,0.699999999999997,0.300000000000003,200000
46,"A_independent","negative_control_independent_censoring",500,1000,"gaussian",0.75,0.923879532511287,0.75,"exp","binary","moderate","none","exp",0.3,0.9,192,5.08232038330449,0.610969493456145,0.660443159799234,0.190521966186925,0.837018535825261,0.699999999999997,0.300000000000003,200000
47,"A_independent","negative_control_independent_censoring",500,1000,"gaussian",0.75,0.923879532511287,0.75,"exp","binary","moderate","none","exp",0.5,0.8,192,3.5653924561279,0.571693038594172,0.660824218199243,0.443008808859803,0.690766520126002,0.499999999999924,0.500000000000076,200000
48,"A_independent","negative_control_independent_censoring",500,1000,"gaussian",0.75,0.923879532511287,0.75,"exp","binary","moderate","none","exp",0.5,0.9,192,5.07104475045354,0.610796405431456,0.660221752099246,0.44109475553368,0.691194093527016,0.49999999999993,0.50000000000007,200000
49,"B_covariate_dependent","covariate_dependent_censoring",100,1000,"gaussian",-0.5,-0.707106781186547,-0.5,"exp","binary","moderate","moderate","exp",0.3,0.9,192,3.69262367887042,-0.46706776975389,-0.505280928300474,0.158390293249706,0.84380190721171,0.700000000011295,0.299999999988705,200000
50,"B_covariate_dependent","covariate_dependent_censoring",100,1000,"gaussian",-0.5,-0.707106781186547,-0.5,"exp","binary","strong","strong","exp",0.3,0.9,192,3.86811666050683,-0.468897531358833,-0.512161057900464,0.143934731530298,0.832662121718153,0.699999999999981,0.300000000000019,200000
51,"B_covariate_dependent","covariate_dependent_censoring",100,1000,"gaussian",-0.5,-0.707106781186547,-0.5,"exp","normal","moderate","moderate","exp",0.3,0.9,192,4.03371501136302,-0.473184052346487,-0.519769362600461,0.13341097954378,0.822332034707647,0.699999999999739,0.300000000000261,200000
52,"B_covariate_dependent","covariate_dependent_censoring",100,1000,"gaussian",-0.5,-0.707106781186547,-0.5,"exp","normal","strong","strong","exp",0.3,0.9,192,4.7847265775729,-0.49085894259339,-0.546108853400469,0.106432444392466,0.797609394085197,0.700000000015856,0.299999999984144,200000
53,"B_covariate_dependent","covariate_dependent_censoring",100,1000,"gaussian",-0.5,-0.707106781186547,-0.5,"exp","binary","moderate","moderate","exp",0.5,0.9,192,3.69691108377687,-0.466403856420556,-0.50528463390047,0.334096257051668,0.72922185258303,0.5,0.5,200000
54,"B_covariate_dependent","covariate_dependent_censoring",100,1000,"gaussian",-0.5,-0.707106781186547,-0.5,"exp","binary","strong","strong","exp",0.5,0.9,192,3.8702280610795,-0.469530702099572,-0.513193529600473,0.318049714186453,0.713802506943162,0.500000000010928,0.499999999989072,200000
55,"B_covariate_dependent","covariate_dependent_censoring",100,1000,"gaussian",-0.5,-0.707106781186547,-0.5,"exp","normal","moderate","moderate","exp",0.5,0.9,192,4.04631270348318,-0.471961670865002,-0.519384981200461,0.317842281504659,0.702554992575157,0.5,0.5,200000
56,"B_covariate_dependent","covariate_dependent_censoring",100,1000,"gaussian",-0.5,-0.707106781186547,-0.5,"exp","normal","strong","strong","exp",0.5,0.9,192,4.79161840970129,-0.490728798272405,-0.546451674600459,0.300590742456511,0.673545658693939,0.499999999999835,0.500000000000165,200000
57,"B_covariate_dependent","covariate_dependent_censoring",300,1000,"gaussian",-0.5,-0.707106781186547,-0.5,"exp","binary","moderate","moderate","exp",0.3,0.9,192,3.68877669913967,-0.467476121976117,-0.505285039700469,0.15865319017936,0.843842151517173,0.700000000011429,0.299999999988571,200000
58,"B_covariate_dependent","covariate_dependent_censoring",300,1000,"gaussian",-0.5,-0.707106781186547,-0.5,"exp","binary","strong","strong","exp",0.3,0.9,192,3.87259640840638,-0.470251180618088,-0.513258024700459,0.143907632791695,0.832079912193571,0.69999999999998,0.30000000000002,200000
59,"B_covariate_dependent","covariate_dependent_censoring",300,1000,"gaussian",-0.5,-0.707106781186547,-0.5,"exp","normal","moderate","moderate","exp",0.3,0.9,192,4.04204229704925,-0.472009680124264,-0.518975261600468,0.134123352047108,0.822437716214371,0.699999999999784,0.300000000000216,200000
60,"B_covariate_dependent","covariate_dependent_censoring",300,1000,"gaussian",-0.5,-0.707106781186547,-0.5,"exp","normal","strong","strong","exp",0.3,0.9,192,4.76326668221677,-0.491526087408205,-0.546024880500459,0.107092130185501,0.797588726299449,0.699999999983706,0.300000000016294,200000
61,"B_covariate_dependent","covariate_dependent_censoring",300,1000,"gaussian",-0.5,-0.707106781186547,-0.5,"exp","binary","moderate","moderate","exp",0.5,0.9,192,3.6925253944766,-0.467482101605747,-0.505658349500469,0.333850437300417,0.728655677357935,0.5,0.5,200000
62,"B_covariate_dependent","covariate_dependent_censoring",300,1000,"gaussian",-0.5,-0.707106781186547,-0.5,"exp","binary","strong","strong","exp",0.5,0.9,192,3.87437526106321,-0.468085444815617,-0.511993681900465,0.318594899205456,0.713674103646501,0.500000000017682,0.499999999982318,200000
63,"B_covariate_dependent","covariate_dependent_censoring",300,1000,"gaussian",-0.5,-0.707106781186547,-0.5,"exp","normal","moderate","moderate","exp",0.5,0.9,192,4.04800393200646,-0.474167892963774,-0.520095343800472,0.317894043824458,0.702494008514375,0.5,0.5,200000
64,"B_covariate_dependent","covariate_dependent_censoring",300,1000,"gaussian",-0.5,-0.707106781186547,-0.5,"exp","normal","strong","strong","exp",0.5,0.9,192,4.7543187273752,-0.48973924308722,-0.544697256000459,0.300012494991323,0.67282872815285,0.5,0.5,200000
65,"B_covariate_dependent","covariate_dependent_censoring",500,1000,"gaussian",-0.5,-0.707106781186547,-0.5,"exp","binary","moderate","moderate","exp",0.3,0.9,192,3.69538438585325,-0.466376739506977,-0.504882860100466,0.158795501057448,0.843822670939221,0.700000000011262,0.299999999988738,200000
66,"B_covariate_dependent","covariate_dependent_censoring",500,1000,"gaussian",-0.5,-0.707106781186547,-0.5,"exp","binary","strong","strong","exp",0.3,0.9,192,3.86633613319985,-0.471254061358836,-0.514219953500456,0.143714497042725,0.831973550203117,0.69999999999998,0.30000000000002,200000
67,"B_covariate_dependent","covariate_dependent_censoring",500,1000,"gaussian",-0.5,-0.707106781186547,-0.5,"exp","normal","moderate","moderate","exp",0.3,0.9,192,4.04967529233802,-0.47257561950697,-0.51990833720047,0.133292445403493,0.822633806966318,0.699999999999741,0.300000000000259,200000
68,"B_covariate_dependent","covariate_dependent_censoring",500,1000,"gaussian",-0.5,-0.707106781186547,-0.5,"exp","normal","strong","strong","exp",0.3,0.9,192,4.79685181605041,-0.490065325679805,-0.545585008700458,0.106532129560349,0.797582027671098,0.700000000010407,0.299999999989593,200000
69,"B_covariate_dependent","covariate_dependent_censoring",500,1000,"gaussian",-0.5,-0.707106781186547,-0.5,"exp","binary","moderate","moderate","exp",0.5,0.9,192,3.69164950106872,-0.46715392938352,-0.505118195300467,0.334252810103076,0.729073463539811,0.5,0.5,200000
70,"B_covariate_dependent","covariate_dependent_censoring",500,1000,"gaussian",-0.5,-0.707106781186547,-0.5,"exp","binary","strong","strong","exp",0.5,0.9,192,3.87501603221626,-0.468483100741548,-0.510676577200471,0.318508724883556,0.713400917527526,0.500000000019331,0.499999999980669,200000
71,"B_covariate_dependent","covariate_dependent_censoring",500,1000,"gaussian",-0.5,-0.707106781186547,-0.5,"exp","normal","moderate","moderate","exp",0.5,0.9,192,4.0630983631668,-0.471792155803272,-0.518916756800467,0.316671182646121,0.701735373606514,0.5,0.5,200000
72,"B_covariate_dependent","covariate_dependent_censoring",500,1000,"gaussian",-0.5,-0.707106781186547,-0.5,"exp","normal","strong","strong","exp",0.5,0.9,192,4.76273508986986,-0.491197725679812,-0.545940606200465,0.299957714835508,0.673637481683761,0.5,0.5,200000
73,"B_covariate_dependent","covariate_dependent_censoring",100,1000,"gaussian",0,0,0,"exp","binary","moderate","moderate","exp",0.3,0.9,192,4.33217055256447,-0.0725104188898079,-0.0194981353007028,0.166831875509059,0.836741658357277,0.699999999999999,0.300000000000001,200000
74,"B_covariate_dependent","covariate_dependent_censoring",100,1000,"gaussian",0,0,0,"exp","binary","strong","strong","exp",0.3,0.9,192,4.50839869986894,-0.0858240346922718,-0.0460794131006798,0.152362468900064,0.824332670075774,0.69999999999982,0.30000000000018,200000
75,"B_covariate_dependent","covariate_dependent_censoring",100,1000,"gaussian",0,0,0,"exp","normal","moderate","moderate","exp",0.3,0.9,192,4.68489182819451,-0.0956951408651047,-0.0677067134006664,0.142173312693748,0.814546544708849,0.7,0.3,200000
76,"B_covariate_dependent","covariate_dependent_censoring",100,1000,"gaussian",0,0,0,"exp","normal","strong","strong","exp",0.3,0.9,192,5.32598330233677,-0.134078770865091,-0.142499545700606,0.115058724575897,0.789989493338662,0.7,0.3,200000
77,"B_covariate_dependent","covariate_dependent_censoring",100,1000,"gaussian",0,0,0,"exp","binary","moderate","moderate","exp",0.5,0.9,192,4.35547794225611,-0.0699842174083241,-0.0165199154007014,0.370276654224495,0.709866945578342,0.5,0.5,200000
78,"B_covariate_dependent","covariate_dependent_censoring",100,1000,"gaussian",0,0,0,"exp","binary","strong","strong","exp",0.5,0.9,192,4.54624432933434,-0.0849113603712866,-0.0441566317006843,0.356651035399099,0.693076263893269,0.500000000014264,0.499999999985736,200000
79,"B_covariate_dependent","covariate_dependent_censoring",100,1000,"gaussian",0,0,0,"exp","normal","moderate","moderate","exp",0.5,0.9,192,4.67231587236375,-0.0974656432107872,-0.071307441500666,0.357203584243418,0.684565669907483,0.499999999995641,0.500000000004359,200000
80,"B_covariate_dependent","covariate_dependent_censoring",100,1000,"gaussian",0,0,0,"exp","normal","strong","strong","exp",0.5,0.9,192,5.34619195591758,-0.134786101358918,-0.142917247200603,0.336882816843715,0.656923258581222,0.500000000000043,0.499999999999957,200000
81,"B_covariate_dependent","covariate_dependent_censoring",300,1000,"gaussian",0,0,0,"exp","binary","moderate","moderate","exp",0.3,0.9,192,4.35086695245659,-0.0741499600009191,-0.0222381573006988,0.166484694291892,0.837157947445507,0.699999999999999,0.300000000000001,200000
82,"B_covariate_dependent","covariate_dependent_censoring",300,1000,"gaussian",0,0,0,"exp","binary","strong","strong","exp",0.3,0.9,192,4.50399215178399,-0.0846302985194342,-0.043160185800685,0.152769848857934,0.825152707979939,0.699999999999841,0.300000000000159,200000
83,"B_covariate_dependent","covariate_dependent_censoring",300,1000,"gaussian",0,0,0,"exp","normal","moderate","moderate","exp",0.3,0.9,192,4.67892265899607,-0.0955476511120212,-0.0693464141006673,0.141920222177374,0.814673974930629,0.7,0.3,200000
84,"B_covariate_dependent","covariate_dependent_censoring",300,1000,"gaussian",0,0,0,"exp","normal","strong","strong","exp",0.3,0.9,192,5.34431008191865,-0.130523285186079,-0.138866310400606,0.114964358287151,0.79058679358641,0.700000000024715,0.299999999975285,200000
85,"B_covariate_dependent","covariate_dependent_censoring",300,1000,"gaussian",0,0,0,"exp","binary","moderate","moderate","exp",0.5,0.9,192,4.35004562016205,-0.0719587412354863,-0.0189641359007031,0.370052772182541,0.709721580450866,0.5,0.5,200000
86,"B_covariate_dependent","covariate_dependent_censoring",300,1000,"gaussian",0,0,0,"exp","binary","strong","strong","exp",0.5,0.9,192,4.50964252850589,-0.0871414488898048,-0.0463580315006844,0.354848568203762,0.694018842852613,0.499999999983421,0.500000000016579,200000
87,"B_covariate_dependent","covariate_dependent_censoring",300,1000,"gaussian",0,0,0,"exp","normal","moderate","moderate","exp",0.5,0.9,192,4.68131404147997,-0.0934860643218972,-0.0661807352006664,0.35445692731541,0.683167199617089,0.499999999997961,0.500000000002039,200000
88,"B_covariate_dependent","covariate_dependent_censoring",300,1000,"gaussian",0,0,0,"exp","normal","strong","strong","exp",0.5,0.9,192,5.30800001735868,-0.133029028889785,-0.142358128900608,0.340741445752636,0.657521419345544,0.500000000000008,0.499999999999992,200000
89,"B_covariate_dependent","covariate_dependent_censoring",500,1000,"gaussian",0,0,0,"exp","binary","moderate","moderate","exp",0.3,0.9,192,4.35496990786002,-0.0725302361737593,-0.0186511826007053,0.166932447022583,0.836934274464456,0.699999999999999,0.300000000000001,200000
90,"B_covariate_dependent","covariate_dependent_censoring",500,1000,"gaussian",0,0,0,"exp","binary","strong","strong","exp",0.3,0.9,192,4.5029357651364,-0.0843776770379486,-0.0435753078006834,0.152618133684473,0.825212352515422,0.699999999999829,0.300000000000171,200000
91,"B_covariate_dependent","covariate_dependent_censoring",500,1000,"gaussian",0,0,0,"exp","normal","moderate","moderate","exp",0.3,0.9,192,4.67853550754334,-0.0952748180256039,-0.0685372659006683,0.141771303627781,0.814238900062099,0.7,0.3,200000
92,"B_covariate_dependent","covariate_dependent_censoring",500,1000,"gaussian",0,0,0,"exp","normal","strong","strong","exp",0.3,0.9,192,5.33499379233966,-0.134487377778675,-0.143175915900606,0.114860329530528,0.789927110218951,0.7,0.3,200000
93,"B_covariate_dependent","covariate_dependent_censoring",500,1000,"gaussian",0,0,0,"exp","binary","moderate","moderate","exp",0.5,0.9,192,4.34636401207377,-0.0718910241984523,-0.0196470907007011,0.370374246676919,0.709783993977378,0.5,0.5,200000
94,"B_covariate_dependent","covariate_dependent_censoring",500,1000,"gaussian",0,0,0,"exp","binary","strong","strong","exp",0.5,0.9,192,4.52643500516171,-0.0837209314823951,-0.0436562403006862,0.357971084760748,0.693772620847835,0.500000000007953,0.499999999992047,200000
95,"B_covariate_dependent","covariate_dependent_censoring",500,1000,"gaussian",0,0,0,"exp","normal","moderate","moderate","exp",0.5,0.9,192,4.67361405127171,-0.0924679630873286,-0.0648986335006666,0.354191233590363,0.683711710754205,0.499999999998121,0.500000000001879,200000
96,"B_covariate_dependent","covariate_dependent_censoring",500,1000,"gaussian",0,0,0,"exp","normal","strong","strong","exp",0.5,0.9,192,5.33020259425077,-0.135123027778673,-0.143437313000608,0.337831020367582,0.657380582086053,0.500000000000029,0.499999999999971,200000
97,"B_covariate_dependent","covariate_dependent_censoring",100,1000,"gaussian",0.5,0.707106781186547,0.5,"exp","binary","moderate","moderate","exp",0.3,0.9,192,4.89635283345604,0.379264359011489,0.451710511699153,0.178425069103396,0.828329565162327,0.699999999999984,0.300000000000016,200000
98,"B_covariate_dependent","covariate_dependent_censoring",100,1000,"gaussian",0.5,0.707106781186547,0.5,"exp","binary","strong","strong","exp",0.3,0.9,192,5.02711569285016,0.323407302468207,0.392186168799119,0.16437598833355,0.814904098732185,0.7,0.3,200000
99,"B_covariate_dependent","covariate_dependent_censoring",100,1000,"gaussian",0.5,0.707106781186547,0.5,"exp","normal","moderate","moderate","exp",0.3,0.9,192,5.21822994191262,0.287561024937344,0.345590523799117,0.153524062254112,0.805184941766521,0.7,0.3,200000
100,"B_covariate_dependent","covariate_dependent_censoring",100,1000,"gaussian",0.5,0.707106781186547,0.5,"exp","normal","strong","strong","exp",0.3,0.9,192,5.89355756780293,0.176466503208916,0.204888269699146,0.123737738222598,0.78063629301058,0.7,0.3,200000
101,"B_covariate_dependent","covariate_dependent_censoring",100,1000,"gaussian",0.5,0.707106781186547,0.5,"exp","binary","moderate","moderate","exp",0.5,0.9,192,4.9036492495256,0.379446431480635,0.451481245199161,0.419313038803435,0.685144114719486,0.499999999999987,0.500000000000013,200000
102,"B_covariate_dependent","covariate_dependent_censoring",100,1000,"gaussian",0.5,0.707106781186547,0.5,"exp","binary","strong","strong","exp",0.5,0.9,192,5.03856340093125,0.32306083617191,0.391842292799112,0.407965706539507,0.669720020485511,0.499999999999998,0.500000000000002,200000
103,"B_covariate_dependent","covariate_dependent_censoring",100,1000,"gaussian",0.5,0.707106781186547,0.5,"exp","normal","moderate","moderate","exp",0.5,0.9,192,5.20141190199515,0.290759647653391,0.347244683699112,0.40906535868436,0.661986931472738,0.499999999999999,0.500000000000001,200000
104,"B_covariate_dependent","covariate_dependent_censoring",100,1000,"gaussian",0.5,0.707106781186547,0.5,"exp","normal","strong","strong","exp",0.5,0.9,192,5.85779788661439,0.179654317036079,0.206578799599141,0.390755198751639,0.63855725380589,0.499999999994294,0.500000000005706,200000
105,"B_covariate_dependent","covariate_dependent_censoring",300,1000,"gaussian",0.5,0.707106781186547,0.5,"exp","binary","moderate","moderate","exp",0.3,0.9,192,4.90560967416589,0.380407285307781,0.452710835999155,0.178726888420277,0.828316988299044,0.699999999999984,0.300000000000016,200000
106,"B_covariate_dependent","covariate_dependent_censoring",300,1000,"gaussian",0.5,0.707106781186547,0.5,"exp","binary","strong","strong","exp",0.3,0.9,192,5.03348699331083,0.32521034913487,0.392827218099111,0.164416509596139,0.815124070925316,0.7,0.3,200000
107,"B_covariate_dependent","covariate_dependent_censoring",300,1000,"gaussian",0.5,0.707106781186547,0.5,"exp","normal","moderate","moderate","exp",0.3,0.9,192,5.24280950343398,0.29172768802376,0.347533491099113,0.15289864827892,0.805024541215169,0.7,0.3,200000
108,"B_covariate_dependent","covariate_dependent_censoring",300,1000,"gaussian",0.5,0.707106781186547,0.5,"exp","normal","strong","strong","exp",0.3,0.9,192,5.8682393234171,0.174805266418792,0.204431397099147,0.124404619760493,0.781121692620401,0.7,0.3,200000
109,"B_covariate_dependent","covariate_dependent_censoring",300,1000,"gaussian",0.5,0.707106781186547,0.5,"exp","binary","moderate","moderate","exp",0.5,0.9,192,4.8745754531366,0.377166893332481,0.449784300899147,0.42224053162153,0.685594944106866,0.499999999999984,0.500000000000016,200000
110,"B_covariate_dependent","covariate_dependent_censoring",300,1000,"gaussian",0.5,0.707106781186547,0.5,"exp","binary","strong","strong","exp",0.5,0.9,192,5.02601334476244,0.32451072345586,0.392743169699112,0.410055691363518,0.669334608221171,0.499999999999998,0.500000000000002,200000
111,"B_covariate_dependent","covariate_dependent_censoring",300,1000,"gaussian",0.5,0.707106781186547,0.5,"exp","normal","moderate","moderate","exp",0.5,0.9,192,5.19435620841674,0.288765995307709,0.346097102799112,0.407072124735551,0.662153072503688,0.5,0.5,200000
112,"B_covariate_dependent","covariate_dependent_censoring",300,1000,"gaussian",0.5,0.707106781186547,0.5,"exp","normal","strong","strong","exp",0.5,0.9,192,5.88369476611433,0.177907415184228,0.205393866599146,0.388193425696821,0.638266401650808,0.499999999996653,0.500000000003347,200000
113,"B_covariate_dependent","covariate_dependent_censoring",500,1000,"gaussian",0.5,0.707106781186547,0.5,"exp","binary","moderate","moderate","exp",0.3,0.9,192,4.87724747791493,0.379495565307785,0.451847211699149,0.178981730227435,0.828163632384246,0.699999999999984,0.300000000000016,200000
114,"B_covariate_dependent","covariate_dependent_censoring",500,1000,"gaussian",0.5,0.707106781186547,0.5,"exp","binary","strong","strong","exp",0.3,0.9,192,5.05432391584716,0.323486050369438,0.392068985999116,0.164146060687642,0.815202482340619,0.7,0.3,200000
115,"B_covariate_dependent","covariate_dependent_censoring",500,1000,"gaussian",0.5,0.707106781186547,0.5,"exp","normal","moderate","moderate","exp",0.3,0.9,192,5.20537033189472,0.288720850616356,0.345929482699113,0.154088135149224,0.805513517079389,0.7,0.3,200000
116,"B_covariate_dependent","covariate_dependent_censoring",500,1000,"gaussian",0.5,0.707106781186547,0.5,"exp","normal","strong","strong","exp",0.3,0.9,192,5.86752161739371,0.17614301506077,0.205051650699149,0.124800967689775,0.781151014847212,0.7,0.3,200000
117,"B_covariate_dependent","covariate_dependent_censoring",500,1000,"gaussian",0.5,0.707106781186547,0.5,"exp","binary","moderate","moderate","exp",0.5,0.9,192,4.91432601374087,0.380781882591736,0.453606561599153,0.420181770072772,0.685098376876034,0.499999999999987,0.500000000000014,200000
118,"B_covariate_dependent","covariate_dependent_censoring",500,1000,"gaussian",0.5,0.707106781186547,0.5,"exp","binary","strong","strong","exp",0.5,0.9,192,5.01972798339448,0.323985439875618,0.392015782399114,0.408946413346579,0.669880269593231,0.499999999999998,0.500000000000002,200000
119,"B_covariate_dependent","covariate_dependent_censoring",500,1000,"gaussian",0.5,0.707106781186547,0.5,"exp","normal","moderate","moderate","exp",0.5,0.9,192,5.21879393294301,0.290362729258334,0.347820312899112,0.407923129993499,0.66110238321272,0.5,0.5,200000
120,"B_covariate_dependent","covariate_dependent_censoring",500,1000,"gaussian",0.5,0.707106781186547,0.5,"exp","normal","strong","strong","exp",0.5,0.9,192,5.90861652042145,0.177501973949659,0.205605107499147,0.38912867667131,0.638381905582998,0.49999999999594,0.50000000000406,200000
121,"B_covariate_dependent","covariate_dependent_censoring",100,1000,"gaussian",0.75,0.923879532511287,0.75,"exp","binary","moderate","moderate","exp",0.3,0.9,192,5.0385913435011,0.610913396666011,0.660851422799256,0.183424757933063,0.824814659100318,0.699999999999999,0.300000000000001,200000
122,"B_covariate_dependent","covariate_dependent_censoring",100,1000,"gaussian",0.75,0.923879532511287,0.75,"exp","binary","strong","strong","exp",0.3,0.9,192,5.21161962081857,0.514210992962102,0.569580099699119,0.169243170492228,0.811602626422371,0.7,0.3,200000
123,"B_covariate_dependent","covariate_dependent_censoring",100,1000,"gaussian",0.75,0.923879532511287,0.75,"exp","normal","moderate","moderate","exp",0.3,0.9,192,5.36518226852622,0.455895772715194,0.504432837699094,0.158617606195743,0.801749804229684,0.7,0.3,200000
124,"B_covariate_dependent","covariate_dependent_censoring",100,1000,"gaussian",0.75,0.923879532511287,0.75,"exp","normal","strong","strong","exp",0.3,0.9,192,6.03454134417861,0.292051319134844,0.321849385399078,0.127804175400211,0.777791461067712,0.7,0.3,200000
125,"B_covariate_dependent","covariate_dependent_censoring",100,1000,"gaussian",0.75,0.923879532511287,0.75,"exp","binary","moderate","moderate","exp",0.5,0.9,192,5.06094821403542,0.611633271727748,0.661171347699244,0.442891300076228,0.675713885714231,0.499999999999957,0.500000000000043,200000
126,"B_covariate_dependent","covariate_dependent_censoring",100,1000,"gaussian",0.75,0.923879532511287,0.75,"exp","binary","strong","strong","exp",0.5,0.9,192,5.22882800961387,0.51289146444357,0.568399302299119,0.426890988571958,0.660308230647471,0.499999999999993,0.500000000000007,200000
127,"B_covariate_dependent","covariate_dependent_censoring",100,1000,"gaussian",0.75,0.923879532511287,0.75,"exp","normal","moderate","moderate","exp",0.5,0.9,192,5.36341487731665,0.45491599678927,0.502957646899103,0.426870575019945,0.653120600048195,0.499999999999997,0.500000000000003,200000
128,"B_covariate_dependent","covariate_dependent_censoring",100,1000,"gaussian",0.75,0.923879532511287,0.75,"exp","normal","strong","strong","exp",0.5,0.9,192,6.03294128292844,0.295358000245955,0.325209525899084,0.409315001769169,0.63070890840544,0.5,0.5,200000
129,"B_covariate_dependent","covariate_dependent_censoring",300,1000,"gaussian",0.75,0.923879532511287,0.75,"exp","binary","moderate","moderate","exp",0.3,0.9,192,5.04197420075446,0.610185293949957,0.660028842899244,0.183919234807079,0.824968615162017,0.699999999999999,0.300000000000001,200000
130,"B_covariate_dependent","covariate_dependent_censoring",300,1000,"gaussian",0.75,0.923879532511287,0.75,"exp","binary","strong","strong","exp",0.3,0.9,192,5.21189682511836,0.513266587776909,0.56889874859912,0.168566537923302,0.811408349517181,0.699999999999999,0.300000000000001,200000
131,"B_covariate_dependent","covariate_dependent_censoring",300,1000,"gaussian",0.75,0.923879532511287,0.75,"exp","normal","moderate","moderate","exp",0.3,0.9,192,5.40058521569027,0.457049916171979,0.505004461899115,0.157907874045502,0.802026587049778,0.7,0.3,200000
132,"B_covariate_dependent","covariate_dependent_censoring",300,1000,"gaussian",0.75,0.923879532511287,0.75,"exp","normal","strong","strong","exp",0.3,0.9,192,6.07345047567545,0.294418698270649,0.323278642099076,0.128441695968506,0.778182101435,0.7,0.3,200000
133,"B_covariate_dependent","covariate_dependent_censoring",300,1000,"gaussian",0.75,0.923879532511287,0.75,"exp","binary","moderate","moderate","exp",0.5,0.9,192,5.07099643169658,0.612023027159847,0.661650426199243,0.44076862803077,0.675427602371981,0.499999999999961,0.500000000000039,200000
134,"B_covariate_dependent","covariate_dependent_censoring",300,1000,"gaussian",0.75,0.923879532511287,0.75,"exp","binary","strong","strong","exp",0.5,0.9,192,5.17863381728941,0.51182370148062,0.567194152999109,0.42910078288726,0.660544178901267,0.499999999999992,0.500000000000008,200000
135,"B_covariate_dependent","covariate_dependent_censoring",300,1000,"gaussian",0.75,0.923879532511287,0.75,"exp","normal","moderate","moderate","exp",0.5,0.9,192,5.4166265834528,0.455155091604074,0.503391854799107,0.425421966222074,0.653664621483996,0.499999999999998,0.500000000000002,200000
136,"B_covariate_dependent","covariate_dependent_censoring",300,1000,"gaussian",0.75,0.923879532511287,0.75,"exp","normal","strong","strong","exp",0.5,0.9,192,6.01149816708901,0.292759486665705,0.322600411699079,0.407915707646833,0.631072332881748,0.5,0.5,200000
137,"B_covariate_dependent","covariate_dependent_censoring",500,1000,"gaussian",0.75,0.923879532511287,0.75,"exp","binary","moderate","moderate","exp",0.3,0.9,192,5.07395677153001,0.612095088024046,0.661675749899238,0.182622829595159,0.82494745843778,0.699999999999999,0.300000000000001,200000
138,"B_covariate_dependent","covariate_dependent_censoring",500,1000,"gaussian",0.75,0.923879532511287,0.75,"exp","binary","strong","strong","exp",0.3,0.9,192,5.16832163832483,0.512084984196663,0.56732940419912,0.169461190257414,0.81141839824681,0.699999999999999,0.300000000000001,200000
139,"B_covariate_dependent","covariate_dependent_censoring",500,1000,"gaussian",0.75,0.923879532511287,0.75,"exp","normal","moderate","moderate","exp",0.3,0.9,192,5.3831493033396,0.455928610369518,0.5044169063991,0.157824646304756,0.802027269567509,0.7,0.3,200000
140,"B_covariate_dependent","covariate_dependent_censoring",500,1000,"gaussian",0.75,0.923879532511287,0.75,"exp","normal","strong","strong","exp",0.3,0.9,192,6.04430923828494,0.294550161974351,0.322924184999087,0.127924338043063,0.777840503644778,0.7,0.3,200000
141,"B_covariate_dependent","covariate_dependent_censoring",500,1000,"gaussian",0.75,0.923879532511287,0.75,"exp","binary","moderate","moderate","exp",0.5,0.9,192,5.04349799187649,0.609531247283313,0.659471784899242,0.442315077103272,0.675434757945129,0.499999999999958,0.500000000000042,200000
142,"B_covariate_dependent","covariate_dependent_censoring",500,1000,"gaussian",0.75,0.923879532511287,0.75,"exp","binary","strong","strong","exp",0.5,0.9,192,5.20542543833684,0.513471569505305,0.568637525999117,0.430704759336371,0.661282142017756,0.499999999999991,0.500000000000009,200000
143,"B_covariate_dependent","covariate_dependent_censoring",500,1000,"gaussian",0.75,0.923879532511287,0.75,"exp","normal","moderate","moderate","exp",0.5,0.9,192,5.38400406542604,0.456049683949756,0.503788931999108,0.427418968651298,0.653518967238511,0.499999999999997,0.500000000000003,200000
144,"B_covariate_dependent","covariate_dependent_censoring",500,1000,"gaussian",0.75,0.923879532511287,0.75,"exp","normal","strong","strong","exp",0.5,0.9,192,6.05140485159093,0.292711514566943,0.322275040399084,0.407670827426659,0.630803263590891,0.5,0.5,200000
145,"C_nonlinear_observability","nonlinear_covariate_dependent_censoring",100,1000,"gaussian",-0.5,-0.707106781186547,-0.5,"exp","normal","nonlinear","nonlinear_moderate","weibull_nonlinear",0.3,0.9,192,3.72329925875662,-0.404387600988483,-0.39238620150053,0.139627522072096,0.839889114930786,0.722886907791599,0.277113092208401,200000
146,"C_nonlinear_observability","nonlinear_covariate_dependent_censoring",100,1000,"gaussian",-0.5,-0.707106781186547,-0.5,"exp","normal","nonlinear","nonlinear_strong","weibull_nonlinear",0.3,0.9,192,3.74768067405502,-0.407244968889712,-0.393438997600528,0.11432339652953,0.819263864457119,0.715916067705781,0.284083932294219,200000
147,"C_nonlinear_observability","nonlinear_covariate_dependent_censoring",100,1000,"gaussian",-0.5,-0.707106781186547,-0.5,"exp","normal","nonlinear","nonlinear_moderate","weibull_nonlinear",0.5,0.9,192,3.73112225122743,-0.405152771729222,-0.392296604600525,0.373436226649386,0.697413469780207,0.506974861254898,0.493025138745102,200000
148,"C_nonlinear_observability","nonlinear_covariate_dependent_censoring",100,1000,"gaussian",-0.5,-0.707106781186547,-0.5,"exp","normal","nonlinear","nonlinear_strong","weibull_nonlinear",0.5,0.9,192,3.74565220027823,-0.403229068766263,-0.391293415100529,0.417921797047275,0.659941521776401,0.499857017046652,0.500142982953348,200000
149,"C_nonlinear_observability","nonlinear_covariate_dependent_censoring",300,1000,"gaussian",-0.5,-0.707106781186547,-0.5,"exp","normal","nonlinear","nonlinear_moderate","weibull_nonlinear",0.3,0.9,192,3.7413751537003,-0.408678833951456,-0.39622526180052,0.139605988915685,0.839697877230124,0.722775733919721,0.277224266080279,200000
150,"C_nonlinear_observability","nonlinear_covariate_dependent_censoring",300,1000,"gaussian",-0.5,-0.707106781186547,-0.5,"exp","normal","nonlinear","nonlinear_strong","weibull_nonlinear",0.3,0.9,192,3.73427380924328,-0.406932358025522,-0.393687469500521,0.114084885495238,0.819778632564896,0.715942973803558,0.284057026196442,200000
151,"C_nonlinear_observability","nonlinear_covariate_dependent_censoring",300,1000,"gaussian",-0.5,-0.707106781186547,-0.5,"exp","normal","nonlinear","nonlinear_moderate","weibull_nonlinear",0.5,0.9,192,3.73725837107135,-0.406654867778606,-0.394331813600524,0.375976453638005,0.697541052286444,0.506537974288396,0.493462025711604,200000
152,"C_nonlinear_observability","nonlinear_covariate_dependent_censoring",300,1000,"gaussian",-0.5,-0.707106781186547,-0.5,"exp","normal","nonlinear","nonlinear_strong","weibull_nonlinear",0.5,0.9,192,3.73016202099018,-0.408131942716883,-0.396081836500528,0.417294717655504,0.661180432297168,0.499889761222745,0.500110238777255,200000
153,"C_nonlinear_observability","nonlinear_covariate_dependent_censoring",500,1000,"gaussian",-0.5,-0.707106781186547,-0.5,"exp","normal","nonlinear","nonlinear_moderate","weibull_nonlinear",0.3,0.9,192,3.74303367721499,-0.405619552469973,-0.394135383600521,0.139114859817446,0.839347426716466,0.72289188033484,0.27710811966516,200000
154,"C_nonlinear_observability","nonlinear_covariate_dependent_censoring",500,1000,"gaussian",-0.5,-0.707106781186547,-0.5,"exp","normal","nonlinear","nonlinear_strong","weibull_nonlinear",0.3,0.9,192,3.75096500549123,-0.406688454445273,-0.393263357600524,0.114146950017222,0.819751836982698,0.716010049455396,0.283989950544604,200000
155,"C_nonlinear_observability","nonlinear_covariate_dependent_censoring",500,1000,"gaussian",-0.5,-0.707106781186547,-0.5,"exp","normal","nonlinear","nonlinear_moderate","weibull_nonlinear",0.5,0.9,192,3.73691294300189,-0.408041830865029,-0.395313447900519,0.376111362288789,0.697234741361532,0.50675096542609,0.49324903457391,200000
156,"C_nonlinear_observability","nonlinear_covariate_dependent_censoring",500,1000,"gaussian",-0.5,-0.707106781186547,-0.5,"exp","normal","nonlinear","nonlinear_strong","weibull_nonlinear",0.5,0.9,192,3.74989527401991,-0.405927238766264,-0.394292368800525,0.418122047631262,0.660068700099233,0.499852386337688,0.500147613662312,200000
157,"C_nonlinear_observability","nonlinear_covariate_dependent_censoring",100,1000,"gaussian",0,0,0,"exp","normal","nonlinear","nonlinear_moderate","weibull_nonlinear",0.3,0.9,192,4.21251743598663,-0.0284593962972123,0.0449964462992717,0.154485402309531,0.828264094660883,0.717191124818851,0.282808875181149,200000
158,"C_nonlinear_observability","nonlinear_covariate_dependent_censoring",100,1000,"gaussian",0,0,0,"exp","normal","nonlinear","nonlinear_strong","weibull_nonlinear",0.3,0.9,192,4.1938517355003,-0.0309155225935084,0.0423666756992729,0.130277833007094,0.806103149735585,0.710714176323005,0.289285823676995,200000
159,"C_nonlinear_observability","nonlinear_covariate_dependent_censoring",100,1000,"gaussian",0,0,0,"exp","normal","nonlinear","nonlinear_moderate","weibull_nonlinear",0.5,0.9,192,4.18462796639839,-0.0302638502478348,0.0424829336992695,0.433696028064176,0.672607237095283,0.500199672478473,0.499800327521527,200000
160,"C_nonlinear_observability","nonlinear_covariate_dependent_censoring",100,1000,"gaussian",0,0,0,"exp","normal","nonlinear","nonlinear_strong","weibull_nonlinear",0.5,0.9,192,4.21443402658564,-0.02886504024783,0.0454597848992715,0.481773366695306,0.638352487226775,0.494903757219657,0.505096242780343,200000
161,"C_nonlinear_observability","nonlinear_covariate_dependent_censoring",300,1000,"gaussian",0,0,0,"exp","normal","nonlinear","nonlinear_moderate","weibull_nonlinear",0.3,0.9,192,4.19733782020538,-0.0293508591367191,0.0440543092992723,0.154267905078086,0.827753761152451,0.717165523204828,0.282834476795172,200000
162,"C_nonlinear_observability","nonlinear_covariate_dependent_censoring",300,1000,"gaussian",0,0,0,"exp","normal","nonlinear","nonlinear_strong","weibull_nonlinear",0.3,0.9,192,4.24159430757841,-0.0280649419762225,0.0446977141992681,0.128727375690062,0.806398750028543,0.711005317607261,0.288994682392739,200000
163,"C_nonlinear_observability","nonlinear_covariate_dependent_censoring",300,1000,"gaussian",0,0,0,"exp","normal","nonlinear","nonlinear_moderate","weibull_nonlinear",0.5,0.9,192,4.2037986664519,-0.0306169160503,0.0429938432992715,0.43190235231851,0.672583579048794,0.50034418589511,0.49965581410489,200000
164,"C_nonlinear_observability","nonlinear_covariate_dependent_censoring",300,1000,"gaussian",0,0,0,"exp","normal","nonlinear","nonlinear_strong","weibull_nonlinear",0.5,0.9,192,4.20445032585464,-0.0295214329638835,0.043389621699271,0.481784185066301,0.638881363088117,0.495081338890501,0.504918661109499,200000
165,"C_nonlinear_observability","nonlinear_covariate_dependent_censoring",500,1000,"gaussian",0,0,0,"exp","normal","nonlinear","nonlinear_moderate","weibull_nonlinear",0.3,0.9,192,4.21104712715798,-0.0280818770379551,0.0454067472992713,0.154289486704934,0.828015985134406,0.71702442955317,0.28297557044683,200000
166,"C_nonlinear_observability","nonlinear_covariate_dependent_censoring",500,1000,"gaussian",0,0,0,"exp","normal","nonlinear","nonlinear_strong","weibull_nonlinear",0.3,0.9,192,4.19068600774399,-0.0293184753095616,0.0445238294992706,0.130784746668853,0.806237911926932,0.710712378353025,0.289287621646975,200000
167,"C_nonlinear_observability","nonlinear_covariate_dependent_censoring",500,1000,"gaussian",0,0,0,"exp","normal","nonlinear","nonlinear_moderate","weibull_nonlinear",0.5,0.9,192,4.21776553878597,-0.029052605803386,0.0448515300992684,0.432735366368021,0.672458952369236,0.500220419085503,0.499779580914497,200000
168,"C_nonlinear_observability","nonlinear_covariate_dependent_censoring",500,1000,"gaussian",0,0,0,"exp","normal","nonlinear","nonlinear_strong","weibull_nonlinear",0.5,0.9,192,4.20919092270909,-0.0309347980256086,0.0429536481992751,0.482130074814294,0.638663814771177,0.494763047158406,0.505236952841595,200000
169,"C_nonlinear_observability","nonlinear_covariate_dependent_censoring",100,1000,"gaussian",0.5,0.707106781186547,0.5,"exp","normal","nonlinear","nonlinear_moderate","weibull_nonlinear",0.3,0.9,192,4.64154135030821,0.435383283085662,0.509682181199207,0.173386163162478,0.81333070888959,0.711447425250282,0.288552574749718,200000
170,"C_nonlinear_observability","nonlinear_covariate_dependent_censoring",100,1000,"gaussian",0.5,0.707106781186547,0.5,"exp","normal","nonlinear","nonlinear_strong","weibull_nonlinear",0.3,0.9,192,4.6538137039023,0.436276299999239,0.510443712199206,0.149700037098862,0.790033562364538,0.70602401768676,0.29397598231324,200000
171,"C_nonlinear_observability","nonlinear_covariate_dependent_censoring",100,1000,"gaussian",0.5,0.707106781186547,0.5,"exp","normal","nonlinear","nonlinear_moderate","weibull_nonlinear",0.5,0.9,192,4.66960916984029,0.434547702221456,0.508794275499211,0.507861339345276,0.643216393362947,0.495552731816391,0.504447268183609,200000
172,"C_nonlinear_observability","nonlinear_covariate_dependent_censoring",100,1000,"gaussian",0.5,0.707106781186547,0.5,"exp","normal","nonlinear","nonlinear_strong","weibull_nonlinear",0.5,0.9,192,4.65504541082348,0.433926464690599,0.508109825799204,0.571732999728027,0.612868528661563,0.490358533258149,0.509641466741851,200000
173,"C_nonlinear_observability","nonlinear_covariate_dependent_censoring",300,1000,"gaussian",0.5,0.707106781186547,0.5,"exp","normal","nonlinear","nonlinear_moderate","weibull_nonlinear",0.3,0.9,192,4.62589730577978,0.435974218147393,0.509890883599208,0.173548744556531,0.813091782264619,0.711443065122933,0.288556934877067,200000
174,"C_nonlinear_observability","nonlinear_covariate_dependent_censoring",300,1000,"gaussian",0.5,0.707106781186547,0.5,"exp","normal","nonlinear","nonlinear_strong","weibull_nonlinear",0.3,0.9,192,4.65003252643168,0.435685667406646,0.509749100299207,0.150401412845109,0.789883969714822,0.705797149466509,0.294202850533491,200000
175,"C_nonlinear_observability","nonlinear_covariate_dependent_censoring",300,1000,"gaussian",0.5,0.707106781186547,0.5,"exp","normal","nonlinear","nonlinear_moderate","weibull_nonlinear",0.5,0.9,192,4.64915400946187,0.435372693085659,0.509509671999206,0.5058704217295,0.642976496394282,0.495753600455046,0.504246399544954,200000
176,"C_nonlinear_observability","nonlinear_covariate_dependent_censoring",300,1000,"gaussian",0.5,0.707106781186547,0.5,"exp","normal","nonlinear","nonlinear_strong","weibull_nonlinear",0.5,0.9,192,4.61587771584009,0.43454214629554,0.508926697099208,0.581268904346142,0.612768231712609,0.490184877508023,0.509815122491977,200000
177,"C_nonlinear_observability","nonlinear_covariate_dependent_censoring",500,1000,"gaussian",0.5,0.707106781186547,0.5,"exp","normal","nonlinear","nonlinear_moderate","weibull_nonlinear",0.3,0.9,192,4.65319243639063,0.435829093579474,0.510030860599206,0.172476364826953,0.813414917048558,0.711785241931959,0.288214758068041,200000
178,"C_nonlinear_observability","nonlinear_covariate_dependent_censoring",500,1000,"gaussian",0.5,0.707106781186547,0.5,"exp","normal","nonlinear","nonlinear_strong","weibull_nonlinear",0.3,0.9,192,4.63451473975446,0.434438731480722,0.508640686199197,0.152361519352265,0.789939595407776,0.70540958093207,0.29459041906793,200000
179,"C_nonlinear_observability","nonlinear_covariate_dependent_censoring",500,1000,"gaussian",0.5,0.707106781186547,0.5,"exp","normal","nonlinear","nonlinear_moderate","weibull_nonlinear",0.5,0.9,192,4.63964154848659,0.434566016665898,0.508465790999197,0.506021376039079,0.643326591023947,0.495601072617791,0.504398927382209,200000
180,"C_nonlinear_observability","nonlinear_covariate_dependent_censoring",500,1000,"gaussian",0.5,0.707106781186547,0.5,"exp","normal","nonlinear","nonlinear_strong","weibull_nonlinear",0.5,0.9,192,4.64188189506583,0.433885478517755,0.508523832299213,0.575860859867067,0.612907329738536,0.490253335780376,0.509746664219624,200000
181,"C_nonlinear_observability","nonlinear_covariate_dependent_censoring",100,1000,"gaussian",0.75,0.923879532511287,0.75,"exp","normal","nonlinear","nonlinear_moderate","weibull_nonlinear",0.3,0.9,192,4.77548276030071,0.694327774814353,0.738499880299345,0.179501777435369,0.808214446890939,0.710014968516598,0.289985031483402,200000
182,"C_nonlinear_observability","nonlinear_covariate_dependent_censoring",100,1000,"gaussian",0.75,0.923879532511287,0.75,"exp","normal","nonlinear","nonlinear_strong","weibull_nonlinear",0.3,0.9,192,4.79329746427448,0.695297771727944,0.739250037899358,0.160098273531944,0.783909053882419,0.703895506395926,0.296104493604074,200000
183,"C_nonlinear_observability","nonlinear_covariate_dependent_censoring",100,1000,"gaussian",0.75,0.923879532511287,0.75,"exp","normal","nonlinear","nonlinear_moderate","weibull_nonlinear",0.5,0.9,192,4.79686650716866,0.695063935308185,0.738584383099348,0.53864900577853,0.631781541532907,0.494216569144063,0.505783430855937,200000
184,"C_nonlinear_observability","nonlinear_covariate_dependent_censoring",100,1000,"gaussian",0.75,0.923879532511287,0.75,"exp","normal","nonlinear","nonlinear_strong","weibull_nonlinear",0.5,0.9,192,4.80256157653672,0.695785348024235,0.739515977099351,0.610652696773898,0.602581680153196,0.48899331737656,0.51100668262344,200000
185,"C_nonlinear_observability","nonlinear_covariate_dependent_censoring",300,1000,"gaussian",0.75,0.923879532511287,0.75,"exp","normal","nonlinear","nonlinear_moderate","weibull_nonlinear",0.3,0.9,192,4.75109787939242,0.696197753579789,0.739919826199342,0.181297400307854,0.808101932204435,0.709732456793608,0.290267543206392,200000
186,"C_nonlinear_observability","nonlinear_covariate_dependent_censoring",300,1000,"gaussian",0.75,0.923879532511287,0.75,"exp","normal","nonlinear","nonlinear_strong","weibull_nonlinear",0.3,0.9,192,4.77351264803062,0.695021714814368,0.738785253399358,0.160172617591842,0.784110302230952,0.703927147612342,0.296072852387658,200000
187,"C_nonlinear_observability","nonlinear_covariate_dependent_censoring",300,1000,"gaussian",0.75,0.923879532511287,0.75,"exp","normal","nonlinear","nonlinear_moderate","weibull_nonlinear",0.5,0.9,192,4.77232445571243,0.694405628024227,0.738480239699348,0.536733273792525,0.632181704277954,0.494401360237913,0.505598639762087,200000
188,"C_nonlinear_observability","nonlinear_covariate_dependent_censoring",300,1000,"gaussian",0.75,0.923879532511287,0.75,"exp","normal","nonlinear","nonlinear_strong","weibull_nonlinear",0.5,0.9,192,4.76594723027816,0.694065503579778,0.737932978799355,0.614654316854958,0.602680113231062,0.488884475985583,0.511115524014417,200000
189,"C_nonlinear_observability","nonlinear_covariate_dependent_censoring",500,1000,"gaussian",0.75,0.923879532511287,0.75,"exp","normal","nonlinear","nonlinear_moderate","weibull_nonlinear",0.3,0.9,192,4.79100006205401,0.695692551727929,0.739241769099352,0.18044240449544,0.807945274822412,0.709553748088049,0.290446251911951,200000
190,"C_nonlinear_observability","nonlinear_covariate_dependent_censoring",500,1000,"gaussian",0.75,0.923879532511287,0.75,"exp","normal","nonlinear","nonlinear_strong","weibull_nonlinear",0.3,0.9,192,4.75487506695415,0.69411251802424,0.738059132999358,0.160276692461842,0.78397877235967,0.703857806934325,0.296142193065675,200000
191,"C_nonlinear_observability","nonlinear_covariate_dependent_censoring",500,1000,"gaussian",0.75,0.923879532511287,0.75,"exp","normal","nonlinear","nonlinear_moderate","weibull_nonlinear",0.5,0.9,192,4.75883595277888,0.695431153826684,0.739374227399351,0.540562974970708,0.632010149365666,0.494247991575949,0.505752008424051,200000
192,"C_nonlinear_observability","nonlinear_covariate_dependent_censoring",500,1000,"gaussian",0.75,0.923879532511287,0.75,"exp","normal","nonlinear","nonlinear_strong","weibull_nonlinear",0.5,0.9,192,4.80394214250671,0.695661467406952,0.739488473399349,0.613336031294982,0.60254801671056,0.488753700701101,0.511246299298899,200000
