"scenario_id","block","mse_new","width_new","coverage_new","mse_ref","width_ref","coverage_ref","method_new","method_ref","mse_reduction","rel_mse","width_reduction"
110,"B_covariate_dependent",0.00817214373432665,0.277163881375423,0.93,0.00896446395262302,0.271599202636709,0.936666666666667,"gscap_x_l050","ipcw_x",0.00079232021829637,0.911615438191981,-0.00556467873871402
163,"C_nonlinear_observability",0.0182365823642969,0.430800527907514,0.986666666666667,0.0220990440012577,0.449673109470785,0.973333333333333,"gscap_x_l050","ipcw_x",0.0038624616369608,0.825220419637113,0.018872581563271
164,"C_nonlinear_observability",0.0147611919918014,0.432952325481696,0.993333333333333,0.0212143193622726,0.445494242303576,0.983333333333333,"gscap_x_l050","ipcw_x",0.0064531273704712,0.695812660294565,0.01254191682188
175,"C_nonlinear_observability",0.00897660199984434,0.332922695964848,0.973333333333333,0.00956397066176413,0.319912063017841,0.986666666666667,"gscap_x_l050","ipcw_x",0.000587368661919789,0.938585271463866,-0.0130106329470071
176,"C_nonlinear_observability",0.0113204849734998,0.340614899483215,0.986666666666667,0.010769774802493,0.326571324614035,0.996666666666667,"gscap_x_l050","ipcw_x",-0.0005507101710068,1.05113478982674,-0.01404357486918
20,"A_independent",0.00451182974665432,0.284794911277945,0.986666666666667,0.00450714082859894,0.29490371053841,0.976666666666667,"gscap_x_l050","ipcw_x",-4.68891805538007e-06,1.0010403309401,0.010108799260465
32,"A_independent",0.0035294105171594,0.237540452169798,0.966666666666667,0.00383808976298507,0.237105489415241,0.966666666666667,"gscap_x_l050","ipcw_x",0.00030867924582567,0.919574771595338,-0.000434962754556983
86,"B_covariate_dependent",0.0114086498733032,0.334205830032744,0.953333333333333,0.0138379700533446,0.34695680257871,0.943333333333333,"gscap_x_l050","ipcw_x",0.0024293201800414,0.824445336225147,0.012750972545966
110,"B_covariate_dependent",0.00997849061032164,0.304560079305477,0.876666666666667,0.00896446395262302,0.271599202636709,0.936666666666667,"gscap_x_l100","ipcw_x",-0.00101402665769862,1.11311626250691,-0.032960876668768
163,"C_nonlinear_observability",0.0176524731316906,0.455060254099108,0.986666666666667,0.0220990440012577,0.449673109470785,0.973333333333333,"gscap_x_l100","ipcw_x",0.0044465708695671,0.798788994251786,-0.00538714462832302
164,"C_nonlinear_observability",0.0161669475524766,0.456889127738569,0.993333333333333,0.0212143193622726,0.445494242303576,0.983333333333333,"gscap_x_l100","ipcw_x",0.005047371809796,0.762077127076148,-0.011394885434993
175,"C_nonlinear_observability",0.0119798103253693,0.383857217945183,0.97,0.00956397066176413,0.319912063017841,0.986666666666667,"gscap_x_l100","ipcw_x",-0.00241583966360517,1.25259797933754,-0.063945154927342
176,"C_nonlinear_observability",0.0168252073233688,0.389000936721609,0.973333333333333,0.010769774802493,0.326571324614035,0.996666666666667,"gscap_x_l100","ipcw_x",-0.0060554325208758,1.56226175866501,-0.062429612107574
20,"A_independent",0.00341265520754984,0.294146834623129,0.99,0.00450714082859894,0.29490371053841,0.976666666666667,"gscap_x_l100","ipcw_x",0.0010944856210491,0.757166313929151,0.000756875915281008
32,"A_independent",0.00491847156467934,0.259509419751449,0.956666666666667,0.00383808976298507,0.237105489415241,0.966666666666667,"gscap_x_l100","ipcw_x",-0.00108038180169427,1.28148945658165,-0.022403930336208
86,"B_covariate_dependent",0.0106736547867787,0.343248340911202,0.956666666666667,0.0138379700533446,0.34695680257871,0.943333333333333,"gscap_x_l100","ipcw_x",0.0031643152665659,0.771330964414026,0.00370846166750799
110,"B_covariate_dependent",0.00817214373432665,0.277163881375423,0.93,0.00331196686332677,0.202601861080021,0.93,"gscap_x_l050","ipcw_marg",-0.00486017687099988,2.46745938940886,-0.074562020295402
163,"C_nonlinear_observability",0.0182365823642969,0.430800527907514,0.986666666666667,0.00398542192591278,0.243570026734016,0.953333333333333,"gscap_x_l050","ipcw_marg",-0.0142511604383841,4.57582226005348,-0.187230501173498
164,"C_nonlinear_observability",0.0147611919918014,0.432952325481696,0.993333333333333,0.00405507931866265,0.230074368602308,0.926666666666667,"gscap_x_l050","ipcw_marg",-0.0107061126731387,3.6401734298676,-0.202877956879388
175,"C_nonlinear_observability",0.00897660199984434,0.332922695964848,0.973333333333333,0.00192080744855775,0.184996673951589,0.96,"gscap_x_l050","ipcw_marg",-0.00705579455128659,4.67334818312188,-0.147926022013259
176,"C_nonlinear_observability",0.0113204849734998,0.340614899483215,0.986666666666667,0.00217153659088983,0.177938840947192,0.923333333333333,"gscap_x_l050","ipcw_marg",-0.00914894838260997,5.21312190685261,-0.162676058536023
20,"A_independent",0.00451182974665432,0.284794911277945,0.986666666666667,0.00327349582393254,0.237581941185735,0.95,"gscap_x_l050","ipcw_marg",-0.00123833392272178,1.37829097372549,-0.04721297009221
32,"A_independent",0.0035294105171594,0.237540452169798,0.966666666666667,0.00238707318049222,0.198375991494687,0.956666666666667,"gscap_x_l050","ipcw_marg",-0.00114233733666718,1.47855145204707,-0.039164460675111
86,"B_covariate_dependent",0.0114086498733032,0.334205830032744,0.953333333333333,0.00376687259377072,0.233373397528046,0.94,"gscap_x_l050","ipcw_marg",-0.00764177727953248,3.02867951843386,-0.100832432504698
110,"B_covariate_dependent",0.00997849061032164,0.304560079305477,0.876666666666667,0.00331196686332677,0.202601861080021,0.93,"gscap_x_l100","ipcw_marg",-0.00666652374699487,3.01285943431769,-0.101958218225456
163,"C_nonlinear_observability",0.0176524731316906,0.455060254099108,0.986666666666667,0.00398542192591278,0.243570026734016,0.953333333333333,"gscap_x_l100","ipcw_marg",-0.0136670512057778,4.42926080596791,-0.211490227365092
164,"C_nonlinear_observability",0.0161669475524766,0.456889127738569,0.993333333333333,0.00405507931866265,0.230074368602308,0.926666666666667,"gscap_x_l100","ipcw_marg",-0.012111868233814,3.98683879698028,-0.226814759136261
175,"C_nonlinear_observability",0.0119798103253693,0.383857217945183,0.97,0.00192080744855775,0.184996673951589,0.96,"gscap_x_l100","ipcw_marg",-0.0100590028768115,6.2368616564687,-0.198860543993594
176,"C_nonlinear_observability",0.0168252073233688,0.389000936721609,0.973333333333333,0.00217153659088983,0.177938840947192,0.923333333333333,"gscap_x_l100","ipcw_marg",-0.014653670732479,7.74806530728287,-0.211062095774417
20,"A_independent",0.00341265520754984,0.294146834623129,0.99,0.00327349582393254,0.237581941185735,0.95,"gscap_x_l100","ipcw_marg",-0.0001391593836173,1.04251093971158,-0.056564893437394
32,"A_independent",0.00491847156467934,0.259509419751449,0.956666666666667,0.00238707318049222,0.198375991494687,0.956666666666667,"gscap_x_l100","ipcw_marg",-0.00253139838418712,2.06046115589349,-0.061133428256762
86,"B_covariate_dependent",0.0106736547867787,0.343248340911202,0.956666666666667,0.00376687259377072,0.233373397528046,0.94,"gscap_x_l100","ipcw_marg",-0.00690678219300798,2.83355874696419,-0.109874943383156
110,"B_covariate_dependent",0.00817214373432665,0.277163881375423,0.93,0.0033099300339003,0.203823198427471,0.923333333333333,"gscap_x_l050","trad",-0.00486221370042635,2.4689777882395,-0.073340682947952
163,"C_nonlinear_observability",0.0182365823642969,0.430800527907514,0.986666666666667,0.00398544413106451,0.244735123687231,0.95,"gscap_x_l050","trad",-0.0142511382332324,4.575796765573,-0.186065404220283
164,"C_nonlinear_observability",0.0147611919918014,0.432952325481696,0.993333333333333,0.00405525153334427,0.230323105882978,0.916666666666667,"gscap_x_l050","trad",-0.0107059404584571,3.64001884234002,-0.202629219598718
175,"C_nonlinear_observability",0.00897660199984434,0.332922695964848,0.973333333333333,0.00192097734432707,0.184370560528898,0.966666666666667,"gscap_x_l050","trad",-0.00705562465551727,4.67293486118073,-0.14855213543595
176,"C_nonlinear_observability",0.0113204849734998,0.340614899483215,0.986666666666667,0.002171385995823,0.177261940779896,0.916666666666667,"gscap_x_l050","trad",-0.0091490989776768,5.21348345953991,-0.163352958703319
20,"A_independent",0.00451182974665432,0.284794911277945,0.986666666666667,0.00327337319157944,0.238577100922591,0.953333333333333,"gscap_x_l050","trad",-0.00123845655507488,1.37834260947109,-0.046217810355354
32,"A_independent",0.0035294105171594,0.237540452169798,0.966666666666667,0.00238780859521447,0.198066539021277,0.95,"gscap_x_l050","trad",-0.00114160192194493,1.47809607697739,-0.039473913148521
86,"B_covariate_dependent",0.0114086498733032,0.334205830032744,0.953333333333333,0.00376674439911803,0.23287437013721,0.94,"gscap_x_l050","trad",-0.00764190547418517,3.02878259432057,-0.101331459895534
110,"B_covariate_dependent",0.00997849061032164,0.304560079305477,0.876666666666667,0.0033099300339003,0.203823198427471,0.923333333333333,"gscap_x_l100","trad",-0.00666856057642134,3.01471345560841,-0.100736880878006
163,"C_nonlinear_observability",0.0176524731316906,0.455060254099108,0.986666666666667,0.00398544413106451,0.244735123687231,0.95,"gscap_x_l100","trad",-0.0136670290006261,4.42923612806376,-0.210325130411877
164,"C_nonlinear_observability",0.0161669475524766,0.456889127738569,0.993333333333333,0.00405525153334427,0.230323105882978,0.916666666666667,"gscap_x_l100","trad",-0.0121116960191323,3.98666948758764,-0.226566021855591
175,"C_nonlinear_observability",0.0119798103253693,0.383857217945183,0.97,0.00192097734432707,0.184370560528898,0.966666666666667,"gscap_x_l100","trad",-0.0100588329810422,6.23631005370649,-0.199486657416285
176,"C_nonlinear_observability",0.0168252073233688,0.389000936721609,0.973333333333333,0.002171385995823,0.177261940779896,0.916666666666667,"gscap_x_l100","trad",-0.0146538213275458,7.7486026693249,-0.211738995941713
20,"A_independent",0.00341265520754984,0.294146834623129,0.99,0.00327337319157944,0.238577100922591,0.953333333333333,"gscap_x_l100","trad",-0.0001392820159704,1.04254999592735,-0.055569733700538
32,"A_independent",0.00491847156467934,0.259509419751449,0.956666666666667,0.00238780859521447,0.198066539021277,0.95,"gscap_x_l100","trad",-0.00253066296946487,2.05982656002525,-0.061442880730172
86,"B_covariate_dependent",0.0106736547867787,0.343248340911202,0.956666666666667,0.00376674439911803,0.23287437013721,0.94,"gscap_x_l100","trad",-0.00690691038766067,2.83365518225179,-0.110373970773992
110,"B_covariate_dependent",0.00817214373432665,0.277163881375423,0.93,0.00248931286020017,0.197433882444063,0.96,"gscap_x_l050","scap_x_l050",-0.00568283087412648,3.28289138138688,-0.07972999893136
163,"C_nonlinear_observability",0.0182365823642969,0.430800527907514,0.986666666666667,0.00345653461529681,0.237141169993127,0.956666666666667,"gscap_x_l050","scap_x_l050",-0.0147800477490001,5.27597272817444,-0.193659357914387
164,"C_nonlinear_observability",0.0147611919918014,0.432952325481696,0.993333333333333,0.00367676570936711,0.226040406816202,0.933333333333333,"gscap_x_l050","scap_x_l050",-0.0110844262824343,4.01472194820438,-0.206911918665494
175,"C_nonlinear_observability",0.00897660199984434,0.332922695964848,0.973333333333333,0.00194348851869098,0.179896660763588,0.97,"gscap_x_l050","scap_x_l050",-0.00703311348115336,4.61880886535437,-0.15302603520126
176,"C_nonlinear_observability",0.0113204849734998,0.340614899483215,0.986666666666667,0.00206790532420893,0.175302660402467,0.95,"gscap_x_l050","scap_x_l050",-0.00925257964929087,5.47437295168743,-0.165312239080748
20,"A_independent",0.00451182974665432,0.284794911277945,0.986666666666667,0.00240874340315176,0.228879092601448,0.966666666666667,"gscap_x_l050","scap_x_l050",-0.00210308634350256,1.87310518038191,-0.055915818676497
32,"A_independent",0.0035294105171594,0.237540452169798,0.966666666666667,0.00256900306481917,0.190856015333547,0.946666666666667,"gscap_x_l050","scap_x_l050",-0.00096040745234023,1.37384441672818,-0.046684436836251
86,"B_covariate_dependent",0.0114086498733032,0.334205830032744,0.953333333333333,0.00313186493303005,0.225949097889073,0.946666666666667,"gscap_x_l050","scap_x_l050",-0.00827678494027315,3.64276561003077,-0.108256732143671
110,"B_covariate_dependent",0.00997849061032164,0.304560079305477,0.876666666666667,0.00248931286020017,0.197433882444063,0.96,"gscap_x_l100","scap_x_l050",-0.00748917775012147,4.00853214148392,-0.107126196861414
163,"C_nonlinear_observability",0.0176524731316906,0.455060254099108,0.986666666666667,0.00345653461529681,0.237141169993127,0.956666666666667,"gscap_x_l100","scap_x_l050",-0.0141959385163938,5.10698578095241,-0.217919084105981
164,"C_nonlinear_observability",0.0161669475524766,0.456889127738569,0.993333333333333,0.00367676570936711,0.226040406816202,0.933333333333333,"gscap_x_l100","scap_x_l050",-0.0124901818431095,4.39705676956486,-0.230848720922367
175,"C_nonlinear_observability",0.0119798103253693,0.383857217945183,0.97,0.00194348851869098,0.179896660763588,0.97,"gscap_x_l100","scap_x_l050",-0.0100363218066783,6.16407568666173,-0.203960557181595
176,"C_nonlinear_observability",0.0168252073233688,0.389000936721609,0.973333333333333,0.00206790532420893,0.175302660402467,0.95,"gscap_x_l100","scap_x_l050",-0.0147573019991599,8.13635282350522,-0.213698276319142
20,"A_independent",0.00341265520754984,0.294146834623129,0.99,0.00240874340315176,0.228879092601448,0.966666666666667,"gscap_x_l100","scap_x_l050",-0.00100391180439808,1.41677822680676,-0.065267742021681
32,"A_independent",0.00491847156467934,0.259509419751449,0.956666666666667,0.00256900306481917,0.190856015333547,0.946666666666667,"gscap_x_l100","scap_x_l050",-0.00234946849986017,1.91454484116217,-0.068653404417902
86,"B_covariate_dependent",0.0106736547867787,0.343248340911202,0.956666666666667,0.00313186493303005,0.225949097889073,0.946666666666667,"gscap_x_l100","scap_x_l050",-0.00754178985374865,3.40808272866737,-0.117299243022129
110,"B_covariate_dependent",0.00817214373432665,0.277163881375423,0.93,0.002373626169257,0.196030801957463,0.963333333333333,"gscap_x_l050","scap_x_l075",-0.00579851756506965,3.4428941845062,-0.08113307941796
163,"C_nonlinear_observability",0.0182365823642969,0.430800527907514,0.986666666666667,0.00332525455674296,0.235712765397015,0.96,"gscap_x_l050","scap_x_l075",-0.0149113278075539,5.48426655857571,-0.195087762510499
164,"C_nonlinear_observability",0.0147611919918014,0.432952325481696,0.993333333333333,0.00357077056315612,0.225323106048345,0.936666666666667,"gscap_x_l050","scap_x_l075",-0.0111904214286453,4.13389539616747,-0.207629219433351
175,"C_nonlinear_observability",0.00897660199984434,0.332922695964848,0.973333333333333,0.00226188057013238,0.181569119990769,0.953333333333333,"gscap_x_l050","scap_x_l075",-0.00671472142971196,3.96864543529766,-0.151353575974079
176,"C_nonlinear_observability",0.0113204849734998,0.340614899483215,0.986666666666667,0.0021884189897422,0.175841371180245,0.936666666666667,"gscap_x_l050","scap_x_l075",-0.0091320659837576,5.17290565772022,-0.16477352830297
20,"A_independent",0.00451182974665432,0.284794911277945,0.986666666666667,0.0021501508454217,0.228155748326068,0.96,"gscap_x_l050","scap_x_l075",-0.00236167890123262,2.09837823995527,-0.056639162951877
32,"A_independent",0.0035294105171594,0.237540452169798,0.966666666666667,0.00311528176078244,0.191652765023466,0.936666666666667,"gscap_x_l050","scap_x_l075",-0.00041412875637696,1.13293460694,-0.045887687146332
86,"B_covariate_dependent",0.0114086498733032,0.334205830032744,0.953333333333333,0.00290201612896236,0.22554237888942,0.943333333333333,"gscap_x_l050","scap_x_l075",-0.00850663374434084,3.93128410260851,-0.108663451143324
110,"B_covariate_dependent",0.00997849061032164,0.304560079305477,0.876666666666667,0.002373626169257,0.196030801957463,0.963333333333333,"gscap_x_l100","scap_x_l075",-0.00760486444106464,4.20390149871205,-0.108529277348014
163,"C_nonlinear_observability",0.0176524731316906,0.455060254099108,0.986666666666667,0.00332525455674296,0.235712765397015,0.96,"gscap_x_l100","scap_x_l075",-0.0143272185749476,5.30860805705683,-0.219347488702093
164,"C_nonlinear_observability",0.0161669475524766,0.456889127738569,0.993333333333333,0.00357077056315612,0.225323106048345,0.936666666666667,"gscap_x_l100","scap_x_l075",-0.0125961769893205,4.5275794864252,-0.231566021690224
175,"C_nonlinear_observability",0.0119798103253693,0.383857217945183,0.97,0.00226188057013238,0.181569119990769,0.953333333333333,"gscap_x_l100","scap_x_l075",-0.00971792975523692,5.29639384305254,-0.202288097954414
176,"C_nonlinear_observability",0.0168252073233688,0.389000936721609,0.973333333333333,0.0021884189897422,0.175841371180245,0.936666666666667,"gscap_x_l100","scap_x_l075",-0.0146367883336266,7.68829342197896,-0.213159565541364
20,"A_independent",0.00341265520754984,0.294146834623129,0.99,0.0021501508454217,0.228155748326068,0.96,"gscap_x_l100","scap_x_l075",-0.00126250436212814,1.58717013497745,-0.065991086297061
32,"A_independent",0.00491847156467934,0.259509419751449,0.956666666666667,0.00311528176078244,0.191652765023466,0.936666666666667,"gscap_x_l100","scap_x_l075",-0.0018031898038969,1.57882077524956,-0.067856654727983
86,"B_covariate_dependent",0.0106736547867787,0.343248340911202,0.956666666666667,0.00290201612896236,0.22554237888942,0.943333333333333,"gscap_x_l100","scap_x_l075",-0.00777163865781634,3.67801359897857,-0.117705962021782
