"scenario_id","block","method_new","method_ref","mse_new","mse_ref","mse_reduction","rel_mse","width_new","width_ref","width_reduction","coverage_new","coverage_ref"
20,"A_independent","ipcw_marg","trad",0.00327349582393254,0.00327337319157944,-1.22632353103877e-07,1.00003746360281,0.237581941185735,0.238577100922591,0.000995159736855877,0.95,0.953333333333333
20,"A_independent","ipcw_x","trad",0.00450714082859894,0.00327337319157944,-0.0012337676370195,1.37691016722239,0.29490371053841,0.238577100922591,-0.0563266096158197,0.976666666666667,0.953333333333333
20,"A_independent","ps_marg_logit","trad",0.00213884823213922,0.00327337319157944,0.00113452495944022,0.653408000542462,0.203726087025608,0.238577100922591,0.0348510138969828,0.973333333333333,0.953333333333333
20,"A_independent","ps_x_logit","trad",0.0022481880142252,0.00327337319157944,0.00102518517735424,0.68681078589161,0.204688369700953,0.238577100922591,0.0338887312216378,0.98,0.953333333333333
20,"A_independent","scap_x_l050","trad",0.00238032951240983,0.00327337319157944,0.000893043679169608,0.727179387468893,0.2299773597634,0.238577100922591,0.00859974115919038,0.966666666666667,0.953333333333333
20,"A_independent","scap_x_l075","trad",0.002116237232903,0.00327337319157944,0.00115713595867644,0.646500447412136,0.227162527521951,0.238577100922591,0.0114145734006394,0.97,0.953333333333333
20,"A_independent","ipcw_x","ipcw_marg",0.00450714082859894,0.00327349582393254,-0.0012336450046664,1.37685858513923,0.29490371053841,0.237581941185735,-0.0573217693526756,0.976666666666667,0.95
20,"A_independent","ps_marg_logit","ipcw_marg",0.00213884823213922,0.00327349582393254,0.00113464759179333,0.653383522441693,0.203726087025608,0.237581941185735,0.0338558541601269,0.973333333333333,0.95
20,"A_independent","ps_x_logit","ipcw_marg",0.0022481880142252,0.00327349582393254,0.00102530780970734,0.686785056449039,0.204688369700953,0.237581941185735,0.0328935714847819,0.98,0.95
20,"A_independent","scap_x_l050","ipcw_marg",0.00238032951240983,0.00327349582393254,0.000893166311522712,0.727152145729722,0.2299773597634,0.237581941185735,0.0076045814223345,0.966666666666667,0.95
20,"A_independent","scap_x_l075","ipcw_marg",0.002116237232903,0.00327349582393254,0.00115725859102954,0.6464762280835,0.227162527521951,0.237581941185735,0.0104194136637836,0.97,0.95
20,"A_independent","trad","ipcw_marg",0.00327337319157944,0.00327349582393254,1.22632353103877e-07,0.999962537800657,0.238577100922591,0.237581941185735,-0.000995159736855877,0.953333333333333,0.95
32,"A_independent","ipcw_marg","trad",0.00238707318049222,0.00238780859521447,7.35414722251738e-07,0.99969201269996,0.198375991494687,0.198066539021277,-0.000309452473410493,0.956666666666667,0.95
32,"A_independent","ipcw_x","trad",0.00383808976298507,0.00238780859521447,-0.0014502811677706,1.60736910432318,0.237105489415241,0.198066539021277,-0.0390389503939639,0.966666666666667,0.95
32,"A_independent","ps_marg_logit","trad",0.00434384034409288,0.00238780859521447,-0.0019560317488784,1.81917443165193,0.18126582509859,0.198066539021277,0.0168007139226871,0.826666666666667,0.95
32,"A_independent","ps_x_logit","trad",0.00411082014096211,0.00238780859521447,-0.00172301154574764,1.72158696019472,0.181483830638295,0.198066539021277,0.0165827083829821,0.82,0.95
32,"A_independent","scap_x_l050","trad",0.00259657272024709,0.00238780859521447,-0.000208764125032617,1.08742917060061,0.190536221185273,0.198066539021277,0.00753031783600427,0.946666666666667,0.95
32,"A_independent","scap_x_l075","trad",0.00314976402055071,0.00238780859521447,-0.000761955425336231,1.31910238821625,0.191795612135922,0.198066539021277,0.00627092688535474,0.936666666666667,0.95
32,"A_independent","ipcw_x","ipcw_marg",0.00383808976298507,0.00238707318049222,-0.00145101658249285,1.60786430610965,0.237105489415241,0.198375991494687,-0.0387294979205534,0.966666666666667,0.956666666666667
32,"A_independent","ps_marg_logit","ipcw_marg",0.00434384034409288,0.00238707318049222,-0.00195676716360065,1.81973488688653,0.18126582509859,0.198375991494687,0.0171101663960976,0.826666666666667,0.956666666666667
32,"A_independent","ps_x_logit","ipcw_marg",0.00411082014096211,0.00238707318049222,-0.00172374696046989,1.72211735046784,0.181483830638295,0.198375991494687,0.0168921608563926,0.82,0.956666666666667
32,"A_independent","scap_x_l050","ipcw_marg",0.00259657272024709,0.00238707318049222,-0.000209499539754869,1.087764188156,0.190536221185273,0.198375991494687,0.00783977030941477,0.946666666666667,0.956666666666667
32,"A_independent","scap_x_l075","ipcw_marg",0.00314976402055071,0.00238707318049222,-0.000762690840058483,1.31950878016283,0.191795612135922,0.198375991494687,0.00658037935876524,0.936666666666667,0.956666666666667
32,"A_independent","trad","ipcw_marg",0.00238780859521447,0.00238707318049222,-7.35414722251738e-07,1.00030808218544,0.198066539021277,0.198375991494687,0.000309452473410493,0.95,0.956666666666667
86,"B_covariate_dependent","ipcw_marg","trad",0.00376687259377072,0.00376674439911803,-1.28194652682274e-07,1.00003403327625,0.233373397528046,0.23287437013721,-0.000499027390835821,0.94,0.94
86,"B_covariate_dependent","ipcw_x","trad",0.0138379700533446,0.00376674439911803,-0.0100712256542266,3.67372154494601,0.34695680257871,0.23287437013721,-0.114082432441499,0.943333333333333,0.94
86,"B_covariate_dependent","ps_marg_logit","trad",0.00275829832348104,0.00376674439911803,0.00100844607563699,0.732276478363354,0.203288144069081,0.23287437013721,0.029586226068129,0.943333333333333,0.94
86,"B_covariate_dependent","ps_x_logit","trad",0.00290748117924412,0.00376674439911803,0.000859263219873915,0.771881728934114,0.204825981657165,0.23287437013721,0.0280483884800455,0.933333333333333,0.94
86,"B_covariate_dependent","scap_x_l050","trad",0.00310301962331464,0.00376674439911803,0.000663724775803392,0.823793518891592,0.227108767848716,0.23287437013721,0.00576560228849454,0.95,0.94
86,"B_covariate_dependent","scap_x_l075","trad",0.00295977113453656,0.00376674439911803,0.000806973264581476,0.785763731467836,0.225467181309283,0.23287437013721,0.00740718882792693,0.946666666666667,0.94
86,"B_covariate_dependent","ipcw_x","ipcw_marg",0.0138379700533446,0.00376687259377072,-0.0100710974595739,3.67359652042082,0.34695680257871,0.233373397528046,-0.113583405050664,0.943333333333333,0.94
86,"B_covariate_dependent","ps_marg_logit","ipcw_marg",0.00275829832348104,0.00376687259377072,0.00100857427028967,0.732251557443818,0.203288144069081,0.233373397528046,0.0300852534589648,0.943333333333333,0.94
86,"B_covariate_dependent","ps_x_logit","ipcw_marg",0.00290748117924412,0.00376687259377072,0.000859391414526598,0.771855460164016,0.204825981657165,0.233373397528046,0.0285474158708813,0.933333333333333,0.94
86,"B_covariate_dependent","scap_x_l050","ipcw_marg",0.00310301962331464,0.00376687259377072,0.000663852970456074,0.823765483453332,0.227108767848716,0.233373397528046,0.00626462967933036,0.95,0.94
86,"B_covariate_dependent","scap_x_l075","ipcw_marg",0.00295977113453656,0.00376687259377072,0.000807101459234159,0.78573699026379,0.225467181309283,0.233373397528046,0.00790621621876275,0.946666666666667,0.94
86,"B_covariate_dependent","trad","ipcw_marg",0.00376674439911803,0.00376687259377072,1.28194652682274e-07,0.999965967881979,0.23287437013721,0.233373397528046,0.000499027390835821,0.94,0.94
110,"B_covariate_dependent","ipcw_marg","trad",0.00331196686332677,0.0033099300339003,-2.03682942646758e-06,1.00061536932975,0.202601861080021,0.203823198427471,0.00122133734745042,0.93,0.923333333333333
110,"B_covariate_dependent","ipcw_x","trad",0.00896446395262302,0.0033099300339003,-0.00565453391872272,2.70835451529458,0.271599202636709,0.203823198427471,-0.067776004209238,0.936666666666667,0.923333333333333
110,"B_covariate_dependent","ps_marg_logit","trad",0.00239695565549697,0.0033099300339003,0.00091297437840333,0.724171094538964,0.189248073220045,0.203823198427471,0.0145751252074262,0.94,0.923333333333333
110,"B_covariate_dependent","ps_x_logit","trad",0.00248750412289767,0.0033099300339003,0.000822425911002629,0.75152770524472,0.189550694913296,0.203823198427471,0.0142725035141752,0.953333333333333,0.923333333333333
110,"B_covariate_dependent","scap_x_l050","trad",0.0024918207647386,0.0033099300339003,0.0008181092691617,0.752831854213646,0.19715593098716,0.203823198427471,0.00666726744031182,0.94,0.923333333333333
110,"B_covariate_dependent","scap_x_l075","trad",0.00238133596122696,0.0033099300339003,0.000928594072673337,0.719452053921781,0.196722385970625,0.203823198427471,0.00710081245684674,0.96,0.923333333333333
110,"B_covariate_dependent","ipcw_x","ipcw_marg",0.00896446395262302,0.00331196686332677,-0.00565249708929625,2.70668890195915,0.271599202636709,0.202601861080021,-0.0689973415566885,0.936666666666667,0.93
110,"B_covariate_dependent","ps_marg_logit","ipcw_marg",0.00239695565549697,0.00331196686332677,0.000915011207829798,0.723725735917932,0.189248073220045,0.202601861080021,0.0133537878599758,0.94,0.93
110,"B_covariate_dependent","ps_x_logit","ipcw_marg",0.00248750412289767,0.00331196686332677,0.000824462740429096,0.751065522557508,0.189550694913296,0.202601861080021,0.0130511661667248,0.953333333333333,0.93
110,"B_covariate_dependent","scap_x_l050","ipcw_marg",0.0024918207647386,0.00331196686332677,0.000820146098588167,0.752368869486708,0.19715593098716,0.202601861080021,0.0054459300928614,0.94,0.93
110,"B_covariate_dependent","scap_x_l075","ipcw_marg",0.00238133596122696,0.00331196686332677,0.000930630902099805,0.719009597467707,0.196722385970625,0.202601861080021,0.00587947510939632,0.96,0.93
110,"B_covariate_dependent","trad","ipcw_marg",0.0033099300339003,0.00331196686332677,2.03682942646758e-06,0.999385009116782,0.203823198427471,0.202601861080021,-0.00122133734745042,0.923333333333333,0.93
163,"C_nonlinear_observability","ipcw_marg","trad",0.00398542192591278,0.00398544413106451,2.22051517260319e-08,0.999994428437335,0.243570026734016,0.244735123687231,0.00116509695321534,0.953333333333333,0.95
163,"C_nonlinear_observability","ipcw_x","trad",0.0220990440012577,0.00398544413106451,-0.0181135998701932,5.54493885110744,0.449673109470785,0.244735123687231,-0.204937985783554,0.973333333333333,0.95
163,"C_nonlinear_observability","ps_marg_logit","trad",0.00329452225146132,0.00398544413106451,0.000690921879603189,0.826638673913955,0.219054100024751,0.244735123687231,0.0256810236624801,0.94,0.95
163,"C_nonlinear_observability","ps_x_logit","trad",0.00324214560066243,0.00398544413106451,0.000743298530402077,0.813496687957951,0.221273788218246,0.244735123687231,0.0234613354689855,0.943333333333333,0.95
163,"C_nonlinear_observability","scap_x_l050","trad",0.00346568855854103,0.00398544413106451,0.000519755572523479,0.869586536548775,0.237160233288805,0.244735123687231,0.00757489039842654,0.953333333333333,0.95
163,"C_nonlinear_observability","scap_x_l075","trad",0.00330622135760127,0.00398544413106451,0.000679222773463231,0.829574132486506,0.235750174098158,0.244735123687231,0.00898494958907306,0.963333333333333,0.95
163,"C_nonlinear_observability","ipcw_x","ipcw_marg",0.0220990440012577,0.00398542192591278,-0.0181136220753449,5.54496974525385,0.449673109470785,0.243570026734016,-0.206103082736769,0.973333333333333,0.953333333333333
163,"C_nonlinear_observability","ps_marg_logit","ipcw_marg",0.00329452225146132,0.00398542192591278,0.000690899674451463,0.826643279608789,0.219054100024751,0.243570026734016,0.0245159267092648,0.94,0.953333333333333
163,"C_nonlinear_observability","ps_x_logit","ipcw_marg",0.00324214560066243,0.00398542192591278,0.000743276325250351,0.813501220430979,0.221273788218246,0.243570026734016,0.0222962385157701,0.943333333333333,0.953333333333333
163,"C_nonlinear_observability","scap_x_l050","ipcw_marg",0.00346568855854103,0.00398542192591278,0.000519733367371753,0.869591381531651,0.237160233288805,0.243570026734016,0.0064097934452112,0.953333333333333,0.953333333333333
163,"C_nonlinear_observability","scap_x_l075","ipcw_marg",0.00330622135760127,0.00398542192591278,0.000679200568311505,0.829578754536523,0.235750174098158,0.243570026734016,0.00781985263585772,0.963333333333333,0.953333333333333
163,"C_nonlinear_observability","trad","ipcw_marg",0.00398544413106451,0.00398542192591278,-2.22051517260319e-08,1.00000557159371,0.244735123687231,0.243570026734016,-0.00116509695321534,0.95,0.953333333333333
164,"C_nonlinear_observability","ipcw_marg","trad",0.00405507931866265,0.00405525153334427,1.72214681620243e-07,0.999957532922384,0.230074368602308,0.230323105882978,0.000248737280669903,0.926666666666667,0.916666666666667
164,"C_nonlinear_observability","ipcw_x","trad",0.0212143193622726,0.00405525153334427,-0.0171590678289284,5.23132022461198,0.445494242303576,0.230323105882978,-0.215171136420598,0.983333333333333,0.916666666666667
164,"C_nonlinear_observability","ps_marg_logit","trad",0.0033716218898007,0.00405525153334427,0.000683629643543566,0.831421149114321,0.214045532730385,0.230323105882978,0.0162775731525923,0.923333333333333,0.916666666666667
164,"C_nonlinear_observability","ps_x_logit","trad",0.00353386897650623,0.00405525153334427,0.000521382556838044,0.871430279342482,0.21475628906492,0.230323105882978,0.0155668168180572,0.93,0.916666666666667
164,"C_nonlinear_observability","scap_x_l050","trad",0.00367873155688401,0.00405525153334427,0.000376519976460258,0.907152497603583,0.226313805984412,0.230323105882978,0.00400929989856538,0.936666666666667,0.916666666666667
164,"C_nonlinear_observability","scap_x_l075","trad",0.00349784011890197,0.00405525153334427,0.000557411414442303,0.862545785419476,0.223959301427657,0.230323105882978,0.00636380445532009,0.93,0.916666666666667
164,"C_nonlinear_observability","ipcw_x","ipcw_marg",0.0212143193622726,0.00405507931866265,-0.01715924004361,5.23154239292883,0.445494242303576,0.230074368602308,-0.215419873701268,0.983333333333333,0.926666666666667
164,"C_nonlinear_observability","ps_marg_logit","ipcw_marg",0.0033716218898007,0.00405507931866265,0.000683457428861946,0.831456458640284,0.214045532730385,0.230074368602308,0.0160288358719224,0.923333333333333,0.926666666666667
164,"C_nonlinear_observability","ps_x_logit","ipcw_marg",0.00353386897650623,0.00405507931866265,0.000521210342156424,0.871467288011442,0.21475628906492,0.230074368602308,0.0153180795373873,0.93,0.926666666666667
164,"C_nonlinear_observability","scap_x_l050","ipcw_marg",0.00367873155688401,0.00405507931866265,0.000376347761778638,0.907191023355184,0.226313805984412,0.230074368602308,0.00376056261789548,0.936666666666667,0.926666666666667
164,"C_nonlinear_observability","scap_x_l075","ipcw_marg",0.00349784011890197,0.00405507931866265,0.000557239199760683,0.862582416773919,0.223959301427657,0.230074368602308,0.00611506717465019,0.93,0.926666666666667
164,"C_nonlinear_observability","trad","ipcw_marg",0.00405525153334427,0.00405507931866265,-1.72214681620243e-07,1.00004246888115,0.230323105882978,0.230074368602308,-0.000248737280669903,0.916666666666667,0.926666666666667
175,"C_nonlinear_observability","ipcw_marg","trad",0.00192080744855775,0.00192097734432707,1.69895769320649e-07,0.99991155764027,0.184996673951589,0.184370560528898,-0.000626113422691199,0.96,0.966666666666667
175,"C_nonlinear_observability","ipcw_x","trad",0.00956397066176413,0.00192097734432707,-0.00764299331743706,4.97870039436329,0.319912063017841,0.184370560528898,-0.135541502488943,0.986666666666667,0.966666666666667
175,"C_nonlinear_observability","ps_marg_logit","trad",0.00285849509175685,0.00192097734432707,-0.000937517747429776,1.48804206369138,0.178962446443798,0.184370560528898,0.00540811408509942,0.93,0.966666666666667
175,"C_nonlinear_observability","ps_x_logit","trad",0.00266430462526413,0.00192097734432707,-0.000743327280937056,1.38695265362302,0.178789996724904,0.184370560528898,0.0055805638039933,0.936666666666667,0.966666666666667
175,"C_nonlinear_observability","scap_x_l050","trad",0.00194177755804705,0.00192097734432707,-2.08002137199843e-05,1.01082793286522,0.180159209129687,0.184370560528898,0.00421135139921031,0.97,0.966666666666667
175,"C_nonlinear_observability","scap_x_l075","trad",0.00223975336281706,0.00192097734432707,-0.000318776018489993,1.16594470488233,0.180956868212356,0.184370560528898,0.00341369231654129,0.956666666666667,0.966666666666667
175,"C_nonlinear_observability","ipcw_x","ipcw_marg",0.00956397066176413,0.00192080744855775,-0.00764316321320638,4.97914076132165,0.319912063017841,0.184996673951589,-0.134915389066252,0.986666666666667,0.96
175,"C_nonlinear_observability","ps_marg_logit","ipcw_marg",0.00285849509175685,0.00192080744855775,-0.000937687643199097,1.48817368128344,0.178962446443798,0.184996673951589,0.00603422750779062,0.93,0.96
175,"C_nonlinear_observability","ps_x_logit","ipcw_marg",0.00266430462526413,0.00192080744855775,-0.000743497176706377,1.38707532983831,0.178789996724904,0.184996673951589,0.0062066772266845,0.936666666666667,0.96
175,"C_nonlinear_observability","scap_x_l050","ipcw_marg",0.00194177755804705,0.00192080744855775,-2.09701094893049e-05,1.01091734078033,0.180159209129687,0.184996673951589,0.0048374648219015,0.97,0.96
175,"C_nonlinear_observability","scap_x_l075","ipcw_marg",0.00223975336281706,0.00192080744855775,-0.000318945914259313,1.16604783290423,0.180956868212356,0.184996673951589,0.00403980573923249,0.956666666666667,0.96
175,"C_nonlinear_observability","trad","ipcw_marg",0.00192097734432707,0.00192080744855775,-1.69895769320649e-07,1.00008845018247,0.184370560528898,0.184996673951589,0.000626113422691199,0.966666666666667,0.96
176,"C_nonlinear_observability","ipcw_marg","trad",0.00217153659088983,0.002171385995823,-1.50595066833025e-07,1.00006935435115,0.177938840947192,0.177261940779896,-0.000676900167296046,0.923333333333333,0.916666666666667
176,"C_nonlinear_observability","ipcw_x","trad",0.010769774802493,0.002171385995823,-0.00859838880667003,4.95986196061426,0.326571324614035,0.177261940779896,-0.149309383834139,0.996666666666667,0.916666666666667
176,"C_nonlinear_observability","ps_marg_logit","trad",0.0024549247308246,0.002171385995823,-0.000283538735001596,1.13057960931268,0.172695902357714,0.177261940779896,0.0045660384221819,0.916666666666667,0.916666666666667
176,"C_nonlinear_observability","ps_x_logit","trad",0.00251174793822409,0.002171385995823,-0.000340361942401093,1.15674870477006,0.173233169510178,0.177261940779896,0.00402877126971848,0.913333333333333,0.916666666666667
176,"C_nonlinear_observability","scap_x_l050","trad",0.00206177057399045,0.002171385995823,0.000109615421832555,0.94951822382413,0.17469587039112,0.177261940779896,0.00256607038877629,0.933333333333333,0.916666666666667
176,"C_nonlinear_observability","scap_x_l075","trad",0.0022170418259221,0.002171385995823,-4.5655830099094e-05,1.02102612349298,0.176028314362293,0.177261940779896,0.00123362641760297,0.926666666666667,0.916666666666667
176,"C_nonlinear_observability","ipcw_x","ipcw_marg",0.010769774802493,0.00217153659088983,-0.00859823821160319,4.95951799646161,0.326571324614035,0.177938840947192,-0.148632483666843,0.996666666666667,0.923333333333333
176,"C_nonlinear_observability","ps_marg_logit","ipcw_marg",0.0024549247308246,0.00217153659088983,-0.000283388139934763,1.1305012041352,0.172695902357714,0.177938840947192,0.00524293858947794,0.916666666666667,0.923333333333333
176,"C_nonlinear_observability","ps_x_logit","ipcw_marg",0.00251174793822409,0.00217153659088983,-0.00034021134733426,1.1566684847778,0.173233169510178,0.177938840947192,0.00470567143701453,0.913333333333333,0.923333333333333
176,"C_nonlinear_observability","scap_x_l050","ipcw_marg",0.00206177057399045,0.00217153659088983,0.000109766016899388,0.949452375170704,0.17469587039112,0.177938840947192,0.00324297055607234,0.933333333333333,0.923333333333333
176,"C_nonlinear_observability","scap_x_l075","ipcw_marg",0.0022170418259221,0.00217153659088983,-4.5505235032261e-05,1.0209553157995,0.176028314362293,0.177938840947192,0.00191052658489901,0.926666666666667,0.923333333333333
176,"C_nonlinear_observability","trad","ipcw_marg",0.002171385995823,0.00217153659088983,1.50595066833025e-07,0.999930650458544,0.177261940779896,0.177938840947192,0.000676900167296046,0.916666666666667,0.923333333333333
